Date,Open,High,Low,Close,Volume
19-Jan-14,56.2,56.2,54.7,55,4221582.1
19-Jan-14,36.9,37.45,36.75,37.45,803514.75
19-Jan-14,7.2,7.25,7.05,7.05,83498829.15
19-Jan-14,14148,14248,14100,14142.15,11978348.95
19-Jan-14,104.2,104.2,104.2,104.2,3792880
19-Jan-14,337.95,337.95,316.1,329.65,5055440.35
19-Jan-14,108.45,109.7,104.3,106.15,31408686.1
19-Jan-14,833.55,847.95,815,826.05,65215275.2
19-Jan-14,39.5,40.5,38.3,40.05,62419122.15
19-Jan-14,719.9,719.9,687.05,698,10305314.05
19-Jan-14,1105,1150,1101,1126.35,24166398.05
19-Jan-14,54.05,55.85,53.75,54.85,12479375.6
19-Jan-14,99,102,99,101.5,1008000
19-Jan-14,234.1,237.5,225.6,230.05,563994656.2
19-Jan-14,1540.55,1620,1512.6,1585.85,164166299.7
19-Jan-14,5401.05,5498.75,5401.05,5488.1,9290240
19-Jan-14,177,179.3,176,177.05,354495359.7
19-Jan-14,165,168.4,163.1,167.5,59086400.4
19-Jan-14,13,13,12.75,12.85,125454.75
19-Jan-14,61.8,61.8,61.75,61.8,43726.5
19-Jan-14,1428.25,1436.35,1411,1429.5,487063416.1
19-Jan-14,1480,1492.45,1428.05,1454.3,4497293.75
19-Jan-14,154,154.15,148.1,151.55,65632996.7
19-Jan-14,195.25,201,148.55,199.7,2737476386
19-Jan-14,414.8,435.45,414.8,433.45,3251362319
19-Jan-14,36.7,38.25,36.05,38.05,593485425.8
19-Jan-14,226.1,232.45,222.15,228.35,202872132.6
19-Jan-14,284.5,291.5,279,287.85,52432176
19-Jan-14,5.55,5.95,5.55,5.85,1072650.75
19-Jan-14,87,93.95,86,90.3,1242114.4
19-Jan-14,66.85,67,65,66.1,3798470.3
19-Jan-14,548.5,562,536.9,541.1,19663992.7
19-Jan-14,24.25,24.5,23.75,23.9,324776.1
19-Jan-14,76.3,80,73.85,77.9,3847357.2
19-Jan-14,295.9,295.95,285.7,289.7,69171986.9
19-Jan-14,280.35,297,276,289.8,51907249.85
19-Jan-14,63,64,62,63,709737.75
19-Jan-14,601.25,615,601.25,607,1586916.25
19-Jan-14,122,125,120.1,123.1,155390.8
19-Jan-14,126.5,126.5,121.5,123.25,1475585.7
19-Jan-14,116.15,114.3,114,116.4,1481570.75
19-Jan-14,34.5,34.5,32.45,33.25,4214600
19-Jan-14,334,369,323.4,342.05,9244282.45
19-Jan-14,384.05,389.95,366.1,372.6,25834224.05
19-Jan-14,272,284.95,272,272,143468.4
19-Jan-14,1581,1614,1554.65,1599.8,47749552.05
19-Jan-14,34.85,36.95,34.85,36.95,14610.8
19-Jan-14,449.5,472.5,444.95,463.95,154305317.7
19-Jan-14,224.5,246,224.5,240.05,1916700
19-Jan-14,50,51.5,48.55,50.6,1353600
19-Jan-14,146.05,147.1,144,146.2,4542660
19-Jan-14,1533.25,1567,1533.25,1560.05,246160375.7
19-Jan-14,311,319.65,301.75,311.35,32207460.85
19-Jan-14,49.85,50.3,47.25,50.2,2141200
19-Jan-14,81.1,81.1,81.1,81.1,81100
19-Jan-14,734.95,735,721,721.8,7420866.25
19-Jan-14,40,41,39.1,40.55,41761596.3
19-Jan-14,1477.75,1483.95,1467,1477.2,13084791.7
19-Jan-14,67.05,70,67.05,68.85,26421498.05
19-Jan-14,409.9,412.55,392,397.2,2780556.4
19-Jan-14,70,71.5,69.5,70.8,159946668.5
19-Jan-14,13.65,13.95,13.35,13.65,134639.5
19-Jan-14,62.6,64.8,61.05,63.45,401103547.1
19-Jan-14,656,663.95,641,652.5,2680773.6
19-Jan-14,95.9,95.9,84.3,90.15,3195012.95
19-Jan-14,2225,2261.05,2140.05,2214.95,44483149.85
19-Jan-14,715,724.75,703.25,716.9,7105566.05
19-Jan-14,198,199.45,192.75,194.35,114195150.4
19-Jan-14,445,445,430.2,433.6,3179357.2
19-Jan-14,30,30.45,28.55,28.6,259342.15
19-Jan-14,3.95,3.95,3.8,3.8,8910403.1
19-Jan-14,44.4,45.3,43.1,44.75,2281429.5
19-Jan-14,914.95,915,891,898.45,33769075.6
19-Jan-14,5.6,5.8,5.5,5.55,392723.05
19-Jan-14,834.6,835,820.3,825,219175406.3
19-Jan-14,1525.05,1525.05,1461.2,1489.8,7217417.65
19-Jan-14,276,276.55,266.4,268.6,524958933.4
19-Jan-14,43,43.75,40.95,41.9,2128000.8
19-Jan-14,31,32.35,28.8,29.35,3612889.45
19-Jan-14,615,628.15,611,612.45,3647054.9
19-Jan-14,27.05,27.3,26.5,26.85,5323479.05
19-Jan-14,72.3,73,69.35,71.3,162201486.4
19-Jan-14,55.95,56.75,55.35,56.5,106827543.2
19-Jan-14,13.2,13.8,13,13.15,3545979.05
19-Jan-14,660.3,680,650.5,673.5,58732934.4
19-Jan-14,6.4,6.7,6.3,6.35,38729.1
19-Jan-14,43.15,43.15,42,42.6,401649.2
19-Jan-14,30.5,30.95,29.65,29.65,4028555.5
19-Jan-14,28.05,29.9,27.35,28.25,4044654.25
19-Jan-14,1.3,1.35,1.3,1.35,283731
19-Jan-14,822.05,832.9,807,827.7,14229482.55
19-Jan-14,238.4,250,238.4,248,1342541.2
19-Jan-14,502,503.95,490,491.8,1654097.9
19-Jan-14,750,758.9,730,738.55,99710769.55
19-Jan-14,2409.8,2525,2350,2500.65,178597356.3
19-Jan-14,556,556,541.05,547.05,13586291.8
19-Jan-14,1116,1144,1115.9,1139.4,172981512.2
19-Jan-14,261.95,266,260.35,264.8,426611564.1
19-Jan-14,1371,1432,1345.1,1370,4459791.85
19-Jan-14,352.2,354.95,340.05,346.15,109424447.9
19-Jan-14,109.75,111.8,105.45,109.45,15015590.35
19-Jan-14,40.5,41.6,40.05,41.1,8744911.1
19-Jan-14,54.2,54.2,50.85,51.05,82414989.1
19-Jan-14,226.05,235.6,226.05,228.85,4275513.25
19-Jan-14,56.45,56.45,51.5,51.8,123621.7
19-Jan-14,165.05,170.95,163.8,168.45,35156859.5
19-Jan-14,282.5,282.55,260,282.25,6497914.9
19-Jan-14,77,78.2,75.1,75.8,4821793.8
19-Jan-14,490.2,495.9,483.1,488.95,4827240.9
19-Jan-14,45,45.85,44.25,44.7,1139367
19-Jan-14,98,105.95,97.5,103.85,11651969.65
19-Jan-14,54,55,53,54.4,629691.15
19-Jan-14,450.05,452.25,441.25,449.45,352052101.8
19-Jan-14,200,207.7,199.8,204.65,15232375.85
19-Jan-14,374.95,379,368,369.45,20743356.5
19-Jan-14,368.6,368.65,356.15,363.5,3636220.4
19-Jan-14,98.9,98.9,93.6,97,2899692.65
19-Jan-14,98.4,100,94.7,96.45,41055096.85
19-Jan-14,140,142,177.45,178.7,19284532.8
19-Jan-14,33.65,34.65,33.1,33.55,10453435.95
19-Jan-14,230,231,225,227.8,19982640.8
19-Jan-14,120.8,121.5,114.7,121.05,1176859654
19-Jan-14,304.85,306.85,280.15,285.25,17210176.45
19-Jan-14,1143.1,1195,1177.9,1149.9,858491571
19-Jan-14,588.95,589.3,576.9,583.05,38766571.6
19-Jan-14,501,529,501,514.7,4143624.4
19-Jan-14,5.3,5.4,5.1,5.2,1171279.95
19-Jan-14,584.95,584.95,565,568.9,11412028.15
19-Jan-14,835,841,835,837.5,13989314.7
19-Jan-14,115.7,117.4,115.55,116.55,22776566.7
19-Jan-14,1119.25,1139.35,1111,1114.65,5354194.2
19-Jan-14,149.2,150.85,140.2,145.6,125097369.6
19-Jan-14,713.8,720.95,678.4,687.5,13569617.2
19-Jan-14,115.65,116.3,113.15,115.25,69733488.4
19-Jan-14,200.75,212,200.75,206.45,982551.45
19-Jan-14,2945,2980,2830.1,2892.95,126338068.1
19-Jan-14,464,464,435,439.9,44031537
19-Jan-14,714.65,741.1,705,720.4,315731784.4
19-Jan-14,231.5,235.05,222.3,227,11475125.8
19-Jan-14,640.2,647.5,633,643.2,2197626849
19-Jan-14,77,78.5,74.1,76.45,2065045.4
19-Jan-14,1670,1723.95,1670,1707.65,26786726.15
19-Jan-14,100,100,96.25,98.85,1950879.65
19-Jan-14,69.55,72.9,69.5,71.9,781916.15
19-Jan-14,796.65,796.65,760.05,772.6,14968438.75
19-Jan-14,2405,2473.9,2401,2454.9,145729494.6
19-Jan-14,50,52.9,49.65,50.35,10005988.15
19-Jan-14,584.9,594,581.2,590.25,2286703028
19-Jan-14,196.8,202.7,190.05,195.75,65553483.95
19-Jan-14,2640,2654,2626,2629.2,708412.2
19-Jan-14,1082.02,1091.12,1082.02,1090.09,228373.76
19-Jan-14,66.2,67.75,65,66.4,2274910.8
19-Jan-14,26.2,26.7,25.4,25.85,214916.8
19-Jan-14,6.95,6.95,6.35,6.45,803047.05
19-Jan-14,3207.8,3223.75,3173.45,3210.4,459860148.9
19-Jan-14,507,510.5,493.05,499.7,47997684.15
19-Jan-14,531.2,539.95,503.2,530.75,141500408.6
19-Jan-14,4920,5021,4842.35,4973.05,542178544.9
19-Jan-14,14.75,15,14.4,14.75,73150752.65
19-Jan-14,2725,2816.8,2701.2,2800.5,76328502.7
19-Jan-14,1660.9,1711.25,1632.6,1701.9,1633515523
19-Jan-14,158.15,162,155,155.25,31179555.15
19-Jan-14,691,704,677,692.75,37964023.15
19-Jan-14,14.85,14.85,14.85,14.85,2970
19-Jan-14,96.95,96.95,88.1,88.5,3751714.6
19-Jan-14,1125,1155,1116.55,1139.65,289230929.9
19-Jan-14,16.4,16.7,16,16.3,32649515.45
19-Jan-14,251,252.7,247,251.45,20603539.9
19-Jan-14,111.1,111.6,107.1,109.05,4904653.9
19-Jan-14,126.5,127.9,121.75,122.7,277451746
19-Jan-14,79.6,79.6,72.75,73.3,351468.25
19-Jan-14,2150,2155.05,2126.35,2145.35,1315733.25
19-Jan-14,251.75,251.75,242.3,247.8,12396067.6
19-Jan-14,40.9,40.9,38.1,38.25,579045.6
19-Jan-14,162,166.65,161.45,165.4,1404783485
19-Jan-14,2690,2739,2690,2734.6,3670268.25
19-Jan-14,161.2,165.55,159.1,164.95,564562907.8
19-Jan-14,112.8,112.85,106.2,110.05,5725200
19-Jan-14,133.1,136.9,132.35,135.25,1775486.35
19-Jan-14,14.55,14.85,14.45,14.6,616344.35
19-Jan-14,2210,2249,2195.05,2219.3,26952372.65
19-Jan-14,336.8,336.8,312.4,319.6,9469036.65
19-Jan-14,719.3,723.15,709,716.25,395719206.1
19-Jan-14,4679.8,4679.8,4540,4575.35,65979670.9
19-Jan-14,1398.7,1424,1375.05,1387.05,35870334.7
19-Jan-14,1588.2,1633.9,1561.05,1601.25,245447545.1
19-Jan-14,65,70,64.05,67.8,2823750
19-Jan-14,65.5,67,65.35,66.75,216914.65
19-Jan-14,27,27.45,26.25,26.5,504589.05
19-Jan-14,171.75,173.4,170.1,172.75,317543311.8
19-Jan-14,1510,1528.2,1493.05,1513.6,474580643.3
19-Jan-14,146,146.35,177.9,142.25,217547552
19-Jan-14,254,254.8,245.2,246.65,272522607.1
19-Jan-14,170.1,173.6,168,170,1631520
19-Jan-14,351,351,330.1,338.2,69045831.1
19-Jan-14,515.95,526.3,503.25,512,366903297.9
19-Jan-14,6.2,6.45,6,6,220482.7
19-Jan-14,136,138.6,133.65,135.65,21391937.35
19-Jan-14,276,283.6,272,278.65,4471410.2
19-Jan-14,44.9,45.5,43.1,44.55,2295523.45
19-Jan-14,22.1,23.3,22.1,23.3,28288.5
19-Jan-14,4,4.1,3.9,4,829275.6
19-Jan-14,1004.3,1010,999.65,1006.35,283567407.1
19-Jan-14,721.1,737.45,715.1,735.75,502816569.3
19-Jan-14,149.2,193.7,146.25,192.3,8246478.35
19-Jan-14,6.7,7,6.65,6.8,233477.15
19-Jan-14,37.65,37.97,37.57,37.92,56363625.36
19-Jan-14,4450,4488,4330,4343.35,2976757.75
19-Jan-14,137.4,140.95,135.8,137.1,27919071.9
19-Jan-14,484,500.25,483.5,497.9,4430451746
19-Jan-14,97,98.4,96.2,97.55,425528955.4
19-Jan-14,66.8,68.3,64.7,64.95,142610903.4
19-Jan-14,136,137.3,134.8,136.15,10904849
19-Jan-14,509.9,509.9,487.75,493.35,4289328.2
19-Jan-14,1.35,1.35,1.35,1.35,31407.35
19-Jan-14,1.8,1.9,1.8,1.9,29867.8
19-Jan-14,131.6,131.9,130.85,130.85,2942543.15
19-Jan-14,37.05,38.2,36.2,36.75,6622369.5
19-Jan-14,549,575,545.1,569.35,4939724813
19-Jan-14,16.75,17,16.05,16.1,55889.35
19-Jan-14,58.5,60.5,57,58.95,792097.6
19-Jan-14,1175,1149,1150.2,1158,61206964.2
19-Jan-14,85.7,89,85,87.75,17578172.25
19-Jan-14,36.3,38.5,36.3,37.75,5611465.25
19-Jan-14,7.55,7.55,7.15,7.45,32974.55
19-Jan-14,199.1,204.75,198.7,202.85,192868848
19-Jan-14,61.95,61.95,60.5,61,12030739.8
19-Jan-14,236.2,237.5,228.95,233.25,87399819.9
19-Jan-14,34,35.5,32.35,34.95,724346.8
19-Jan-14,131.3,131.3,131.3,131.3,5383.3
19-Jan-14,4735.05,4735.05,4605,4645.5,42779749.15
19-Jan-14,761.15,800,746,773.85,46631489.2
19-Jan-14,166.1,168,162.1,163.35,43325785.65
19-Jan-14,41.8,41.9,39.4,41.35,4060800
19-Jan-14,248.9,259.3,237.1,254.5,1571222046
19-Jan-14,19903.7,20019.2,19810.1,19976.15,303319892.7
19-Jan-14,471.9,478.5,465.4,477.3,1447003880
19-Jan-14,98,101.2,95.6,96.75,73490115.6
19-Jan-14,90.5,91.7,86.65,88.3,30005998.7
19-Jan-14,295.65,299.35,290.5,291.8,14146015.3
19-Jan-14,4665,4692.8,4630,4684.45,306422050.7
19-Jan-14,145.1,192,144.25,145.3,3944984.55
19-Jan-14,106.45,107.5,104.3,105.85,5691474.7
19-Jan-14,921.65,928.65,907.05,909.6,223889736.2
19-Jan-14,5.95,5.95,5.5,5.55,573930.6
19-Jan-14,103.5,105.7,102,103.55,3873316.15
19-Jan-14,2768.35,2814,2756.05,2811.6,55712.55
19-Jan-14,1.55,1.6,1.5,1.55,607114.85
19-Jan-14,107,109.75,107,109.5,19776.25
19-Jan-14,13.25,13.9,12.85,13.1,2532809.3
19-Jan-14,597.55,597.55,567.7,576.15,49367069.3
19-Jan-14,33.8,33.85,31.75,32.05,463989.9
19-Jan-14,176.55,177.9,171.95,173.9,11435262.25
19-Jan-14,437.75,451,433.15,441.55,591747875
19-Jan-14,112,116,111,111.4,1353300
19-Jan-14,71.25,71.85,71.25,71.25,338201.4
19-Jan-14,129.1,138.45,126,135.7,210563163.4
19-Jan-14,349.5,366.15,346.8,362.7,1148329366
19-Jan-14,72.85,76,70,75.25,4409781.95
19-Jan-14,462.5,480,461.7,474.55,276984068.1
19-Jan-14,127.8,127.8,120.7,122.95,3989637.15
19-Jan-14,390.95,394.05,382,388.95,85611141
19-Jan-14,762.8,775.95,747.65,764.45,1658347545
19-Jan-14,627.5,648,614,621.05,31341426.95
19-Jan-14,492.8,509,492.75,501.7,2048054.85
19-Jan-14,387,395.7,385.3,390.65,12163585.95
19-Jan-14,133,137.4,127.6,135.75,16430986.3
19-Jan-14,1376,1394.95,1375,1390.95,42197660.2
19-Jan-14,6.15,6.45,5.95,6.1,2785513.75
19-Jan-14,146.8,148.5,146,147.75,147023938
19-Jan-14,7.55,7.7,7.2,7.25,839906.3
19-Jan-14,16.9,17.45,16.2,17.25,1729774.6
19-Jan-14,290.05,299,289.65,293.6,46546212.65
19-Jan-14,350,354.9,347,351.8,142387041.5
19-Jan-14,1475.05,1493.8,1455.2,1466.85,616907270.3
19-Jan-14,20.3,20.95,19.95,20,1789025.95
19-Jan-14,14.2,19.7,14.2,19.7,22515436.75
19-Jan-14,19.2,19.45,14.9,19.1,1501709.45
19-Jan-14,348,348,337.6,342.25,10564993.45
19-Jan-14,6.5,7.3,6.3,7.3,11584839.4
19-Jan-14,74.3,74.3,73.2,73.8,24232598.75
19-Jan-14,692,695,664.5,670.25,11946967
19-Jan-14,344.1,350,332.55,346.6,55388668.75
19-Jan-14,1399,1415.35,1378,1409.4,716209020.4
19-Jan-14,3667,3696.75,3590,3627.45,17749851.2
19-Jan-14,56,59,55.25,55.8,73887431.1
19-Jan-14,1105,1130,1092,1109.05,676103375.2
19-Jan-14,117,114.8,116,116.45,4457544.15
19-Jan-14,94.5,95.85,93.7,95.4,146838178.8
19-Jan-14,158.2,159.5,153.9,154.4,44355568.55
19-Jan-14,437.4,453,436.25,446.5,201208086.1
19-Jan-14,1320,1330.95,1300.2,1322.7,72515842.4
19-Jan-14,2.85,2.85,2.75,2.75,253468.7
19-Jan-14,279,279,273,274.9,1398631
19-Jan-14,119.5,125,117.5,123.9,2773027.4
19-Jan-14,100.95,102.5,98.45,100.6,7408448.5
19-Jan-14,13.5,14.7,13.4,14.35,176061.1
19-Jan-14,603.65,605.1,600.15,602.75,493036458.7
19-Jan-14,282.9,283,277,277.9,714999.4
19-Jan-14,630,639,621,623.65,15651329.65
19-Jan-14,281.2,282,262.35,277.9,22674675.3
19-Jan-14,85,85,85,85,510000
19-Jan-14,40.55,40.95,39.15,40,25987.25
19-Jan-14,283.05,285.9,280.5,284,729609486.7
19-Jan-14,543.85,561.45,540.45,559.4,143817887.8
19-Jan-14,338,356,338,349.4,337754106.9
19-Jan-14,1160,1164.7,1145.6,1150.95,156107759.1
19-Jan-14,52.9,54.3,50.6,53.65,8339688.55
19-Jan-14,15.4,16.35,15.4,15.75,862635.15
19-Jan-14,1455,1479,1448.45,1473.65,670858735.1
19-Jan-14,80.05,82.75,79.6,80.3,1006814.6
19-Jan-14,513,522,493,507.3,5485465.25
19-Jan-14,40.45,42.45,40.45,41.25,10075846.85
19-Jan-14,134,134,130.1,132.25,893965.5
19-Jan-14,559.95,576.8,554.9,574.35,91084101.55
19-Jan-14,39.55,40,39.2,39.35,8219996.9
19-Jan-14,359.6,367.8,355.5,364,13786299.85
19-Jan-14,4.7,4.7,4.3,4.7,1509555.5
19-Jan-14,265.85,266.2,261.15,262.25,44413838.65
19-Jan-14,29.3,30.25,28.7,30.16,21914935.71
19-Jan-14,171,171,157,157,1447040
19-Jan-14,4.75,4.75,4.75,4.75,9552.25
19-Jan-14,243.5,249.95,237.25,240.35,6220040.75
19-Jan-14,1966.5,1989.6,1946.25,1965.2,27323429.85
19-Jan-14,2795,2805,2795,2804.7,2804725
19-Jan-14,269,269,261,262.55,62804251.05
19-Jan-14,100,101.6,97.7,97.7,2239384.3
19-Jan-14,176.05,177.6,174.1,175.9,71705033.85
19-Jan-14,28.1,28.95,26.7,26.95,130495.05
19-Jan-14,909,911.1,893,903.3,140553315.1
19-Jan-14,344.6,349,330.05,343.45,41749808.95
19-Jan-14,13.45,14,13.45,13.85,131478.4
19-Jan-14,82.9,82.9,80.2,81.75,4662855
19-Jan-14,588.25,678,586,653.55,1170196113
19-Jan-14,90.95,93.75,89.35,92.8,193604153.8
19-Jan-14,362.3,367.35,358.7,363.8,205073550.6
19-Jan-14,3100.35,3131,3006.6,3028.4,205192192
19-Jan-14,125,125.35,117.8,119.35,37940109.05
19-Jan-14,124,127.95,123,127,266271.55
19-Jan-14,131,131.95,126.55,128.85,23653868.75
19-Jan-14,353.9,356.85,346,352.75,52544921.8
19-Jan-14,940.65,957.5,934.95,946.2,136035786.6
19-Jan-14,68.4,71.8,65.3,71.7,105591455.9
19-Jan-14,345,365,345,360.95,196084979.1
19-Jan-14,144.2,190.55,142.3,149.65,417638237
19-Jan-14,112.5,113.7,110,112,2369469.7
19-Jan-14,569,574.9,563.15,569.1,136802991.9
19-Jan-14,42.95,43.75,41.45,42.85,11279158.65
19-Jan-14,598,614.95,586.6,610.55,2255500
19-Jan-14,398,400.8,387,389.85,51438727.95
19-Jan-14,287.5,292.35,278.2,282.45,383675999.1
19-Jan-14,214,225,215.25,214.35,20019519.45
19-Jan-14,322.1,340.9,314.4,337.3,1570472087
19-Jan-14,70,70,68.05,68.05,6902.5
19-Jan-14,123.6,125.9,117.25,121.5,99953762.95
19-Jan-14,26.05,26.4,25.65,26.1,78567100.95
19-Jan-14,289,293.7,281,282.8,2842384.55
19-Jan-14,85.25,85.25,84.1,84.55,1014200
19-Jan-14,1746,1799,1696.95,1789.4,4234738.95
19-Jan-14,197,197.35,192.6,193.25,58909576.55
19-Jan-14,29.2,29.25,28.45,28.75,21694883
19-Jan-14,779.85,790,761.45,782.1,17956446.1
19-Jan-14,25.5,26.2,24,25.85,2684245
19-Jan-14,590.15,615.15,582.65,612.5,1955593424
19-Jan-14,1008,1008,1000.15,1008,65386.8
19-Jan-14,1037,1037,1034,1034.83,363655
19-Jan-14,1062,1064.4,1062,1064,1422177.62
19-Jan-14,1028,1080,1028,1028,130555
19-Jan-14,1026,1027,1026,1027,305946
19-Jan-14,1048,1048,1045.5,1045.5,261625
19-Jan-14,456.6,484.5,454,474.95,1940582
19-Jan-14,1174.85,1176.9,1141.15,1159.95,23911971.85
19-Jan-14,19.8,20.4,14.55,19.25,3433891
19-Jan-14,580,591.05,570.2,584.35,1563132.4
19-Jan-14,14.4,14.5,13.85,13.95,1785073.5
19-Jan-14,73,73.95,72.1,72.65,341082668.5
19-Jan-14,1090,1103.6,1082.6,1098.3,352893995.2
19-Jan-14,3779.85,3890,3745,3830.15,207123696.9
19-Jan-14,249,252.75,245.55,249.3,1623102841
19-Jan-14,131.2,135.75,128,130.5,21471996.7
19-Jan-14,1138.8,1154,1126,1144.35,275315531.3
19-Jan-14,10.75,11,9.7,9.95,1472173.1
19-Jan-14,453.9,458.45,450,455.4,4137879.25
19-Jan-14,131.25,132.5,124.1,128.05,42385114.75
19-Jan-14,71.05,73.45,71,72.65,1471914.35
19-Jan-14,72.4,74.4,72.4,73.95,2050400
19-Jan-14,168.1,170.75,162.5,164.7,10341497.75
19-Jan-14,30.45,31,29.4,29.75,3357160.9
19-Jan-14,88.2,88.2,88.1,88.1,423200
19-Jan-14,17.95,14.55,17.9,14,1155788.85
19-Jan-14,764.4,768,743.95,747,177123713
19-Jan-14,22.75,22.75,20.5,21,764400
19-Jan-14,2467,2505,2452,2490.35,598060841.5
19-Jan-14,22,22.7,20.9,21.35,1207714.15
19-Jan-14,46.9,49.9,46.5,48.3,1170734.35
19-Jan-14,424,447.55,412.6,427.9,3086140.25
19-Jan-14,48.25,48.8,46.7,47.45,12253155.9
19-Jan-14,45,45.85,44.2,44.7,79036006.55
19-Jan-14,1988.65,1988.65,1948,1951.45,7406717.3
19-Jan-14,214.95,216.5,203,205.55,7053922.3
19-Jan-14,5.95,5.95,5.5,5.55,365374.2
19-Jan-14,22.85,22.85,21.25,21.3,667967
19-Jan-14,338.5,367,338.5,343.5,509269.8
19-Jan-14,1531,1550,1526.5,1540.2,75623312.65
19-Jan-14,1044.95,1050,1035,1035,420633.24
19-Jan-14,1073.98,1073.98,1069.1,1069.1,105985.83
19-Jan-14,1010,1014.95,1010,1010.82,6064.95
19-Jan-14,1400,1400,1400,1400,7000
19-Jan-14,275.85,282,270.65,280.05,598093479.9
19-Jan-14,59.1,59.2,59.1,59.1,507807.2
19-Jan-14,7.75,7.75,7.75,7.75,251495.25
19-Jan-14,1050.1,1059,1050.1,1059,73578.2
19-Jan-14,1040,1041,1040,1040.39,83225.5
19-Jan-14,1106,1108.45,1106,1107,562339.4
19-Jan-14,27880,28148.35,27751,28009.45,908354739.2
19-Jan-14,364,364.5,352.65,358.75,26632024.15
19-Jan-14,134.2,140,134.2,140,1640800
19-Jan-14,525.35,549.8,519.95,527.05,4508853.6
19-Jan-14,204.1,207,192.35,198.75,46706448
19-Jan-14,522,530.75,522,525.35,761312.8
19-Jan-14,61.95,62.9,60.25,61.85,59008904.95
19-Jan-14,14.7,19,14.15,14.35,351412.3
19-Jan-14,88.45,93.5,86.6,92,72814147.45
19-Jan-14,35.65,35.85,34.85,35.25,14055996.8
19-Jan-14,163.1,164.5,160.15,162.85,679875.5
19-Jan-14,300,305,299.25,302.1,5483326.8
19-Jan-14,51.9,52,50.05,51.05,3070740.85
19-Jan-14,343.95,359.4,343.5,347.65,47272255.15
19-Jan-14,1268,1269.9,1247.1,1262.25,39852113.4
19-Jan-14,19.5,21.25,14.85,21.25,11409793.7
19-Jan-14,212.05,220,212.05,215.3,4352483.35
19-Jan-14,214.1,219.65,215.25,217.85,2447075.75
19-Jan-14,1283.95,1286,1245.05,1280,120888490
19-Jan-14,32.15,32.8,30.25,30.95,17274439.65
19-Jan-14,179,141.45,176.85,140.55,284558315.3
19-Jan-14,782.15,782.2,765.8,778.5,2560103.9
19-Jan-14,109.05,113,108.5,109,1681099.05
19-Jan-14,231.08,252.5,231.08,240,16999.1
19-Jan-14,151.05,155.95,150,155.15,361799681.6
19-Jan-14,774.9,785,766.55,780,21352046.85
19-Jan-14,223.4,228.9,221.55,224.55,112621713.9
19-Jan-14,820,826.8,803,814.65,6906562.95
19-Jan-14,760,777.9,758,772.45,600260147.1
19-Jan-14,5.05,5.05,5.05,5.05,8803897.3
19-Jan-14,28.8,28.95,27.75,28.7,2640914.55
19-Jan-14,82.1,85,81.6,81.65,1774732.45
19-Jan-14,296.35,298.05,292.25,296.25,5534286.45
19-Jan-14,61.75,63.4,58.2,59.6,16814702.7
19-Jan-14,7.75,8.05,7.5,7.7,493443.15
19-Jan-14,2.6,2.6,2.6,2.6,520
19-Jan-14,35.3,36.9,34.2,35.5,30200.8
19-Jan-14,445.8,452.6,442.15,443.55,22522032.95
19-Jan-14,584.5,593.7,571,583.4,17995164.65
19-Jan-14,113.8,113.8,105.65,109,3075049
19-Jan-14,3319,3477,3306,3409.5,159586059.5
19-Jan-14,735,742,714,729.35,10141940.2
19-Jan-14,220.5,223.95,219.4,221.2,264096266.4
19-Jan-14,56.9,59,55.15,57.95,22245306.3
19-Jan-14,433.2,442.05,399.5,411.35,21453541.1
19-Jan-14,78.2,80.15,75.2,76.45,142900540.4
19-Jan-14,68,68.8,66.5,68.25,213633510.1
19-Jan-14,240,244.8,235,238.55,9034947
19-Jan-14,78,78.6,76.15,77.4,12275905.95
19-Jan-14,102,104.25,101.15,103.15,1381095305
19-Jan-14,46,46.45,45.5,45.8,43904328.25
19-Jan-14,45.75,46.45,44.1,45.6,1669649.9
19-Jan-14,972.65,1005,955,989.35,32043299.9
19-Jan-14,222.65,224.5,216.1,222.35,48274774.05
19-Jan-14,714,749,711.15,741.75,71541461.15
19-Jan-14,640,668.9,636.55,665.2,230092074.6
19-Jan-14,83,83,79.1,80.8,1601089.45
19-Jan-14,372.25,377.2,365.1,372.1,14288166.4
19-Jan-14,565.05,575,558.45,570.6,7960985.85
19-Jan-14,130.55,133.9,126.1,129.55,3025127.95
19-Jan-14,171.9,171.9,171.9,171.9,171900
19-Jan-14,146.25,147.65,144.15,145.45,525370137.5
19-Jan-14,270,274.95,265.5,268.9,353213.85
19-Jan-14,1933.95,1943.85,1490.05,1932.75,4157130.9
19-Jan-14,142,146,140,141.35,4733600
19-Jan-14,530,535,517.25,531.6,206656653.4
19-Jan-14,685,687.3,666,675.25,19484798.65
19-Jan-14,44.75,45.45,43.6,44.7,268991367.8
19-Jan-14,192,192,147.1,149.45,24256242.4
19-Jan-14,259,264.2,252.1,257.6,32086556.1
19-Jan-14,468.5,471.6,459.65,468.75,1565813548
19-Jan-14,9.8,10.3,9.8,9.8,343333.15
19-Jan-14,50.9,51.3,47.3,48.05,3977732
19-Jan-14,389,389,352.85,353.85,26708088.3
19-Jan-14,3.95,4.1,3.75,3.95,37858515.3
19-Jan-14,7.25,7.35,6.7,6.95,367677.25
19-Jan-14,422,425,420,423.25,4322146.3
19-Jan-14,438,438,414.05,424.95,13386055.8
19-Jan-14,160.8,167.85,160.35,166.1,69903848.55
19-Jan-14,105.1,108.5,101.3,103.6,71398.7
19-Jan-14,42.6,44.85,42.6,44.3,4090382.2
19-Jan-14,1016.05,1022.65,990,1003.6,10709616.75
19-Jan-14,139.1,139.75,135.15,137.65,224324511.4
19-Jan-14,214.05,219.9,212,214.7,82472479.45
19-Jan-14,239.35,242,234,237.8,15001516.7
19-Jan-14,163,164.5,156,160.85,3805119.05
19-Jan-14,41.65,41.7,41.65,41.7,500000
19-Jan-14,0.85,0.85,0.85,0.85,3147.5
19-Jan-14,307.7,311,296,299.05,19831263.05
19-Jan-14,13.8,13.85,13,13.55,2266575
19-Jan-14,80.4,83.7,77.2,80.55,153854237.1
19-Jan-14,113.1,116.85,113,115.3,33490890.1
19-Jan-14,931.25,943,925.1,934.65,60611477.05
19-Jan-14,450.75,460,440.8,450.95,53434333.6
19-Jan-14,426.85,429.95,420.9,425.4,16278805.05
19-Jan-14,335.25,336.15,322.05,324,142085979
19-Jan-14,436.7,459.5,426.45,447.2,72757672.1
19-Jan-14,793,798.5,777,782.75,59491513.8
19-Jan-14,77.4,79.7,77.4,78.05,116144.95
19-Jan-14,6694.85,6772.95,6600,6682.35,38209079
19-Jan-14,39.7,40.45,38.8,39.25,7704367.95
19-Jan-14,128.75,129.4,126.3,127.4,13510839.55
19-Jan-14,264,266,264,266,6625000
19-Jan-14,70.8,72.35,67.6,68.4,249458470.9
19-Jan-14,651.05,675,640,652.2,200200.2
19-Jan-14,2477.9,2489,2455,2473.6,39035352.9
19-Jan-14,630,631.1,614.5,624.3,200259721.7
19-Jan-14,220,220,220,220,220000
19-Jan-14,159.4,164,156.5,158.95,10947499.5
19-Jan-14,37.4,38.85,36.95,37.05,890817.2
19-Jan-14,142.45,156.5,142.45,152.95,4420582
19-Jan-14,997,1001.9,975,980.4,59449056.15
19-Jan-14,150.1,154.25,148.45,149.75,55710430.6
19-Jan-14,22.9,23.35,22.15,22.65,1552145216
19-Jan-14,449.7,459.8,448,456.7,99269053.65
19-Jan-14,495,502.8,485.25,495.25,626278780.9
19-Jan-14,1020,1049,982.7,1037.1,370521926.6
19-Jan-14,621.05,630,613.85,620.5,2268680.65
19-Jan-14,989.8,994.5,976,989.8,49362910.9
19-Jan-14,605,607.95,588.5,592.5,135069968.3
19-Jan-14,1036.8,1055,1035.05,1050.95,671710890.1
19-Jan-14,605.2,623.85,605.2,621.85,198322771.3
19-Jan-14,795.35,830,793.05,824.05,114449522.1
19-Jan-14,0.65,0.65,0.55,0.55,1778522.85
19-Jan-14,120.35,126.25,114,123.5,32127447.45
19-Jan-14,20.9,20.9,20,20.65,404065.25
19-Jan-14,26.85,27.45,25.75,26.35,861426.35
19-Jan-14,2680,2697.8,2675.05,2694.7,26913255.65
19-Jan-14,80.5,89.9,80.4,81.7,3924244.6
19-Jan-14,211.1,221.75,211,215,14117149.4
19-Jan-14,271.1,274.75,271.1,273.35,470943.1
19-Jan-14,2645,2661.55,2644.65,2658.3,3663115.45
19-Jan-14,17,14.3,16.7,17.1,363167.85
19-Jan-14,119.6,127,115.25,125.75,45803571.7
19-Jan-14,496,521,487.5,493.95,464629490.2
19-Jan-14,152.1,155,150.35,153.15,38859643.5
19-Jan-14,211,214,207.5,210.65,5648673
19-Jan-14,135.7,137.45,133.75,135.6,161629464.4
19-Jan-14,760,788,742,779.6,2048398421
19-Jan-14,1220,1231.55,1145.1,1223.55,903071644.9
19-Jan-14,176.1,142,170.7,178.85,56508381.1
19-Jan-14,137.1,138.9,135.2,137.25,129465140.5
19-Jan-14,1211,1246.85,1190,1209.55,1267676.8
19-Jan-14,367.7,378.05,357.05,371.35,23119850.35
19-Jan-14,13.2,13.35,12.7,13,12701400.45
19-Jan-14,548.3,552.95,540.2,547.4,348504758.9
19-Jan-14,2145.65,2145.65,2145.65,2145.65,133030.3
19-Jan-14,1590,1590,1538,1546.7,2343089.5
19-Jan-14,600,717.7,580,687.8,1795909975
19-Jan-14,36.4,37.2,35.8,36.1,4971286.5
19-Jan-14,151,153.95,150.5,152.5,273146854.6
19-Jan-14,6620,6720,6540,6641.4,81374252.95
19-Jan-14,215.3,217,206.45,211.1,124884208.5
19-Jan-14,32.9,38.9,32.35,38.7,61284915.75
19-Jan-14,15.5,15.5,14.75,15.1,2497715.4
19-Jan-14,6.35,6.4,6.2,6.3,34570213.95
19-Jan-14,19.1,19.1,14.4,19,124394.55
19-Jan-14,22.5,23.3,21.35,22.65,120252.25
19-Jan-14,168.05,173,165.65,166.65,5172934.45
19-Jan-14,128,132.65,125.5,126.95,24828629.6
19-Jan-14,874,889.6,859.8,876,74572451.1
19-Jan-14,229,237,226.45,233.2,1061980
19-Jan-14,894.85,899,870,888.85,29567729.25
19-Jan-14,852.6,880,852.6,866.75,25420400.3
19-Jan-14,1.3,1.3,1.3,1.3,1472503.1
19-Jan-14,1.3,1.3,1.25,1.25,500206.5
19-Jan-14,73.4,73.5,71.5,71.9,82162.5
19-Jan-14,920,939.95,896.9,923.25,14538010.05
19-Jan-14,84.6,85.5,82.2,82.9,9703756.65
19-Jan-14,86.95,90.6,85.55,87.3,14068282.6
19-Jan-14,22.35,22.95,21.9,22.05,117149082.6
19-Jan-14,4.3,4.3,4.1,4.25,155994.45
19-Jan-14,1036,1036,1002.5,1023.95,1426937.6
19-Jan-14,92.1,94.85,90,91.1,3173975.25
19-Jan-14,42.3,43.5,41.5,42.1,37243435.25
19-Jan-14,830.55,843,821.3,833.2,228404514.6
19-Jan-14,548,551.1,539.6,547.6,533271591
19-Jan-14,64.6,65.5,62.8,64.1,41124777.2
19-Jan-14,47.4,47.95,45.8,46.8,3834828.35
19-Jan-14,36.9,37.5,36.25,36.9,531619134.1
19-Jan-14,288,304.95,288,299.6,92146281
19-Jan-14,56,58.8,54.6,58.5,211125227.1
19-Jan-14,957,967,946.15,958.3,2273115552
19-Jan-14,1497,1912.8,1494.35,1901.25,5392474989
19-Jan-14,435,439,427,435.65,98077690
19-Jan-14,1935.15,1959.9,1919.25,1952.2,5577473373
19-Jan-14,489.25,491.35,477,481.5,1685332850
19-Jan-14,2736.1,2760,2736.1,2751.15,7703712.55
19-Jan-14,1106,1111.4,1104.97,1111.25,742021.67
19-Jan-14,3680.5,3680.5,3680.5,3680.5,3680.5
19-Jan-14,61.5,61.85,59.6,60.9,851335358.6
19-Jan-14,2675,2774.85,2536.1,2774.85,2376108796
19-Jan-14,164,167.7,157.25,162.35,53870076.75
19-Jan-14,146,149.7,146,147,2613148.15
19-Jan-14,804.65,808.45,791.1,800.4,11692050.45
19-Jan-14,3558,3620,3552.3,3589.75,1055322380
19-Jan-14,1605,1638.4,1556.25,1608.9,23194466.95
19-Jan-14,67.9,70.95,67.55,68.05,2162419.4
19-Jan-14,347.95,354.3,346.5,350.4,224251614.9
19-Jan-14,31.1,32.8,30.85,32.5,333894501.6
19-Jan-14,917.9,936.75,893.5,922.4,48317954.3
19-Jan-14,14.1,14.4,13.65,14.4,16998307.65
19-Jan-14,227,229.7,224.25,226.05,10661651.9
19-Jan-14,1534.2,1715,1516.9,1652.3,71544595.7
19-Jan-14,40.75,41.7,39,39.3,4631495.15
19-Jan-14,400,401.9,389.1,391.7,50117229.75
19-Jan-14,254,259.35,252.2,258,1504533431
19-Jan-14,510,515,496.6,501.9,1737743.7
19-Jan-14,87.4,88.1,85,86.9,209306194
19-Jan-14,9.25,9.25,8.7,9,145981.3
19-Jan-14,10.45,10.9,9.95,10.05,4801242
19-Jan-14,161.4,165,161.2,164.8,124249.6
19-Jan-14,132.5,134.85,129.35,132.1,99852498.65
19-Jan-14,413.9,419.95,409.55,416.2,1164963599
19-Jan-14,12.25,13.55,11.15,13.55,1541282.85
19-Jan-14,796,801.95,760.2,768.55,5850765.55
19-Jan-14,1370.4,1372.85,1350.05,1362.45,2026451455
19-Jan-14,307.1,307.65,297.7,299.35,706326677.7
19-Jan-14,130,132.95,128.3,130,762553.35
19-Jan-14,106.95,106.95,101.65,103.15,228799.65
19-Jan-14,365,370,361,361.85,5457325
19-Jan-14,140.35,142,170.6,179.3,1484299.4
19-Jan-14,526.8,528,502.2,511.65,8206647.9
19-Jan-14,39.3,39.9,38.2,38.8,293210.65
19-Jan-14,252.95,258,250,252.65,9481007.9
19-Jan-14,3025,3050,2991,2991.75,540396.01
19-Jan-14,17850,17985,17751.95,17913.8,6032165.85
19-Jan-14,1430,1453,1377,1417.45,11429727.1
19-Jan-14,21.3,22.1,21.15,21.55,12841352.6
19-Jan-14,315,315,295.4,296.2,7323125.5
19-Jan-14,149.2,152,146.45,151.05,11781205.3
19-Jan-14,175.85,177.4,170.3,173.5,219777378.9
19-Jan-14,480,485.55,470,482.05,21144000
19-Jan-14,106.65,109.5,105.8,108.65,78515516.8
19-Jan-14,132.5,134.25,128.1,131.4,52619954.4
19-Jan-14,82.5,83.75,81.7,83.5,135076707.5
19-Jan-14,1226,1250,1210.1,1215.1,1359696.2
19-Jan-14,1162.75,1164,1162.75,1163.98,4236888.3
19-Jan-14,1162.1,1162.1,1162.1,1162.1,116210
19-Jan-14,1115,1115,1115,1115,27875
19-Jan-14,1209,1209,1202.6,1202.6,169890
19-Jan-14,1277,1280,1276,1280,511343
19-Jan-14,230.5,242.9,228.1,241.4,1272268534
19-Jan-14,1250.95,1308.8,1244.3,1301.8,2963888427
19-Jan-14,1005,1005,1004,1004,100409
19-Jan-14,1021.01,1069.99,1021.01,1064.5,51259.07
19-Jan-14,266.2,276,265.3,274.95,400376636.3
19-Jan-14,104.75,106.95,102.5,103.35,9146200
19-Jan-14,347.45,355,340.8,353.6,6574941477
19-Jan-14,835.25,837.5,815,827.6,91442508.65
19-Jan-14,414.8,437.35,409.05,429.7,3145486752
19-Jan-14,116,120.7,113.95,119.8,260598345.6
19-Jan-14,3950.6,3989,3913,3969.05,4113474.7
19-Jan-14,5.65,5.65,5.65,5.65,11633.35
19-Jan-14,60,61.35,59.5,60.55,146787090.2
19-Jan-14,2752.5,2800,2752.5,2800,581371.4
19-Jan-14,101.1,103.35,99.2,102.3,1064977012
19-Jan-14,59,59.35,57.45,58,1116480385
19-Jan-14,58.95,59.6,57.25,58.7,1017276934
19-Jan-14,4923,4950,4923,4950,59267.11
19-Jan-14,8451.01,8451.01,8431,8431,202420.05
19-Jan-14,4850.01,4880.01,4850.01,4880.01,14610.02
19-Jan-14,8040,8040,7951.42,8040,88350.42
19-Jan-14,5140.01,5230,5140.01,5230,41640.04
19-Jan-14,8265.01,8300,8265.01,8281,289831.08
19-Jan-14,5210.01,5239,5210.01,5239,41796.04
19-Jan-14,8400,8400,8400,8400,33600
19-Jan-14,5080,5080,5080,5080,50800
19-Jan-14,8398,8398,8390,8390,167832
19-Jan-14,5347,5350,5347,5350,96258
19-Jan-14,8010.01,8040,8010.01,8025,385264.12
19-Jan-14,7785.01,7800,7785.01,7800,62340.04
19-Jan-14,108.97,109,108.2,108.5,228471.76
19-Jan-14,1610,1625,1608.05,1620.8,47444065.45
19-Jan-14,831,831,817,819.55,2416644.2
19-Jan-14,1439.95,1439.95,1383.6,1419.25,70301528.85
19-Jan-14,30,30.8,29.25,30.3,569215829.8
19-Jan-14,1024,1024,1019,1019,4086
19-Jan-14,1025,1025,1025,1025,10250
19-Jan-14,313,323,310.65,317.85,2568797.3
19-Jan-14,866,866,835,840.6,23169387
19-Jan-14,306.9,312.8,302,311.5,515545466.8
19-Jan-14,799,800.2,769,775.8,27901651.25
19-Jan-14,1150,1150,1150,1150,594550
19-Jan-14,1257,1257,1241.99,1247.5,256426.11
19-Jan-14,690,705,690,700.35,81969576.55
19-Jan-14,1028.03,1030.98,1028.03,1030,976259.43
19-Jan-14,1145,1145,1100.7,1100.72,13297.2
19-Jan-14,1030.05,1030.05,1030.05,1030.05,12360.6
19-Jan-14,1107.01,1107.01,1107.01,1107.01,16605.15
19-Jan-14,1030,1030,1025.5,1026.11,358777.38
19-Jan-14,1080,1082.99,1078.2,1079.88,807804.25
19-Jan-14,115.05,115.05,115,115.05,135363.85
19-Jan-14,49.05,49.5,47.55,48.05,1613522.7
19-Jan-14,80.25,82.2,79.5,81.35,28819333.15
19-Jan-14,674,680,645,659.8,69327808.75
19-Jan-14,1174.1,1250,1170,1204.65,6969766.2
19-Jan-14,27.65,30.6,26.9,29.4,20900914
19-Jan-14,142.4,144,138.15,142.45,111963764.2
19-Jan-14,143.65,146.7,177.6,144.7,1242914067
19-Jan-14,523.6,532,508.55,517.55,162948366.6
19-Jan-14,376.9,385.85,372.25,381.25,276291460.6
19-Jan-14,200.8,202.95,193.05,196.2,680652.95
19-Jan-14,429.15,433,425.5,430.65,10800716.25
19-Jan-14,1190.9,1215,1142,1210.6,251451127.6
19-Jan-14,95.5,96.25,95,95.67,55136486.16
19-Jan-14,120,123,116.3,120.95,903088.75
19-Jan-14,1138.8,1147.95,1114,1126.15,6814179.8
19-Jan-14,267.8,277.9,267.8,274.45,28280538.85
19-Jan-14,49.5,50.25,45.6,48,25072034
19-Jan-14,10.1,10.25,9.85,9.9,8038401.75
19-Jan-14,212.15,214,210.1,216.7,1472425.55
19-Jan-14,112.9,113.95,99,101.4,28453799.75
19-Jan-14,13.7,13.7,13.3,13.3,1614278.9
19-Jan-14,56.25,57.9,56,56.35,10121072.85
19-Jan-14,64,65.5,62.1,63.65,1171503.85
19-Jan-14,9.8,9.8,8.95,8.95,110159.1
19-Jan-14,229,229,216.25,223.05,3588450.1
19-Jan-14,1683,1692.25,1670.8,1684,835882350.1
19-Jan-14,1097,1097,1045,1062.25,5124087.85
19-Jan-14,142.6,144.75,141.55,143.75,435265378
19-Jan-14,351.45,361.7,350,352.5,30077863.45
19-Jan-14,70,73.9,68.85,72.7,1685100
19-Jan-14,370.2,374.88,367.51,374.81,78011.51
19-Jan-14,346,348.55,339.25,346.05,2630111707
19-Jan-14,1145,1147.9,1136,1143.45,3419578450
19-Jan-14,829.45,830.2,814,819.75,14121395.9
19-Jan-14,161.5,173.75,157.25,158,24639800
19-Jan-14,65,68.7,65,65.7,7614300
19-Jan-14,281,285.95,277,284.6,14383549.15
19-Jan-14,136.5,137.5,135.05,135.9,15767038.25
19-Jan-14,825.6,845.45,814.9,840.2,95909267
19-Jan-14,178,178.35,170.1,174.9,52902262.4
19-Jan-14,99.6,101,98,100,1487777.9
19-Jan-14,14.7,15.1,14.1,14.75,664145.5
19-Jan-14,22.85,23.4,22.85,23.15,17778735.55
19-Jan-14,379.9,389,375.8,385.95,1582532454
19-Jan-14,79,83,78.1,81.8,7420569.5
19-Jan-14,361,368,352.1,364.8,40436537.1
19-Jan-14,580,585.25,575.1,579.8,67222412.85
19-Jan-14,238.75,240,231.6,236.85,382434622.4
19-Jan-14,89.15,89.15,88.4,88.79,26140450
19-Jan-14,1275,1275,1275,1275,1275000
19-Jan-14,1127,1127,1127,1127,190463
19-Jan-14,1090,1090,1085.26,1090,6747110.49
19-Jan-14,1149.99,1150,1147,1149.99,1195947.47
19-Jan-14,1110,1110,1108,1109,1109622
19-Jan-14,1260,1299.9,1249,1260.34,2408125.6
19-Jan-14,1280,1280,1275,1275,1338765
19-Jan-14,1140,1140,1140,1140,135660
19-Jan-14,1139,1139.38,1139,1139.38,455638
19-Jan-14,739,755,717.3,723.95,57833717.65
19-Jan-14,17.15,14,16.5,16.6,1698989.4
19-Jan-14,276,277.5,271.1,274.55,7056517734
19-Jan-14,515,514,506.95,512.1,4213724.05
19-Jan-14,211.9,214,208.5,216.55,29345138.05
19-Jan-14,128.35,130,125.1,128.1,53642309.05
19-Jan-14,24.7,25.95,24.35,25.75,43515132.7
19-Jan-14,201,201,196.3,198.4,1495608.2
19-Jan-14,5.9,6,5.7,5.85,5314107.8
19-Jan-14,2750,2750,2727,2750,79613
19-Jan-14,1114,1114,1114,1114,11140
19-Jan-14,70.1,74.75,68.3,73.7,2442262.6
19-Jan-14,77.25,77.95,75.7,76.15,32285830.35
19-Jan-14,173.6,178.6,173.6,176.35,5951453.5
19-Jan-14,38,38.45,36.85,37.9,693981.85
19-Jan-14,17,17.95,16.95,17.6,823869.65
19-Jan-14,148.4,191.3,144.05,147.65,339347072.5
19-Jan-14,5.6,5.75,5.6,5.65,3141.65
19-Jan-14,4.8,5.15,4.75,5.05,17539.7
19-Jan-14,51,51,50,50,303000
19-Jan-14,77.15,79.7,75.45,75.95,199513923.5
19-Jan-14,198,202,195,199.55,2851560
19-Jan-14,410,447.3,405,423.45,10156938.25
19-Jan-14,540,541.25,522,525.95,15013328.9
19-Jan-14,10,10.2,9.55,9.95,2234019.8
19-Jan-14,105,108,100.25,104.1,1414040.65
19-Jan-14,314.05,329,315.2,326.15,26233135.3
19-Jan-14,204.8,210,201,203.3,11984014.35
19-Jan-14,516,517.5,507,510.05,17396544.15
19-Jan-14,2671.55,2714,2627,2687.85,20460756.9
19-Jan-14,6.55,6.85,6.55,6.8,38528.9
19-Jan-14,794,812,778.2,793.2,2720927462
19-Jan-14,114.05,119,111,119,877500
19-Jan-14,70,70.95,68.55,69.95,7982159.45
19-Jan-14,75.2,77.5,74.25,75.45,237462.9
19-Jan-14,386.7,392,379.2,381.85,41303393.05
19-Jan-14,155,158.7,151,157.75,337764641.6
19-Jan-14,263.05,265.4,250.25,264.15,4169922855
19-Jan-14,9.4,9.4,8.8,9.15,16852.2
19-Jan-14,201.05,207.4,195,202.55,41732598.55
19-Jan-14,622.95,630.95,608,622.55,56044057.2
19-Jan-14,88.05,92,86,87.55,63714147.9
19-Jan-14,134,138.75,131.2,136,1947246945
19-Jan-14,48.05,48.5,47.1,47.6,1507168.4
19-Jan-14,1140.3,1144.9,1103.7,1128.15,27522198.95
19-Jan-14,328.55,330.2,314.1,320.4,33108508.75
19-Jan-14,442,444.75,428,433.65,45234545.25
19-Jan-14,145,145,141,142.95,193933316.1
19-Jan-14,176,142.8,174.2,179.7,381941315.2
19-Jan-14,245.85,257.65,236.05,243.6,1486549.4
19-Jan-14,602.35,612.5,581,596.9,14260799.6
19-Jan-14,160.6,168.5,159.5,166.95,504486691.6
19-Jan-14,5.3,5.35,4.9,5.25,1143925.85
19-Jan-14,145,193.45,144.65,191.35,1150573.3
19-Jan-14,21.2,21.95,20.35,21.7,2098732128
19-Jan-14,15.9,16.05,15.75,15.75,80971314.9
19-Jan-14,78.5,78.5,75,75.35,331420.7
19-Jan-14,7.55,7.7,7.35,7.45,24907929.4
19-Jan-14,115.15,117.45,113.15,114,37403863.25
19-Jan-14,206.5,210.55,201.55,208.6,79729394.05
19-Jan-14,89.5,92.7,89.3,91.7,571788408.7
19-Jan-14,1768.35,1799,1755.2,1792.8,4479102.2
19-Jan-14,281.1,283.1,273.05,282.1,920452317.4
19-Jan-14,8.85,8.85,8.85,8.85,46117.35
19-Jan-14,900,916.6,852,879.95,1467260495
19-Jan-14,1949.95,2112.9,1943.4,2093.3,10720660229
19-Jan-14,259,259,245.75,249.7,33161734.15
19-Jan-14,307.7,317,301.5,315.95,3278464.58
19-Jan-14,565,578.25,537.35,556.65,4892233063
19-Jan-14,36.45,38.55,35.8,38.15,147471080.6
19-Jan-14,378,379.9,370.7,375.45,229230234
19-Jan-14,12,12,12,12,3055872
19-Jan-14,130.25,131.65,126.75,128.7,11651971.1
19-Jan-14,711.15,723.9,707.95,717.3,92767610.15
19-Jan-14,394.35,396,378.25,383.7,15332901.25
19-Jan-14,471.15,475.25,452,468.25,32586232.5
19-Jan-14,363,368.9,357,362.15,38871.1
19-Jan-14,134.95,138.75,131.05,135.5,23993032.1
19-Jan-14,232.6,250,232.6,247.55,3813644.35
19-Jan-14,10.15,10.3,9.95,10,143550.05
19-Jan-14,95.1,98.45,93.8,95.25,12448068.7
19-Jan-14,547.95,550,519.15,526.75,115609283.1
19-Jan-14,40.2,42.5,39,42.5,14143.8
19-Jan-14,115,117.5,114,115.35,267351598.9
19-Jan-14,4,4,4,4,41464
19-Jan-14,12.25,12.9,12,12.6,196892.1
19-Jan-14,1060,1108,1056.25,1096.05,104739697.5
19-Jan-14,151.4,151.9,147.2,149.1,20175638.75
19-Jan-14,30.6,31.3,30.3,30.85,5605554.75
19-Jan-14,328,342,325.05,342,1779668.1
19-Jan-14,364,370.7,356.55,359.8,150754591.9
19-Jan-14,45.45,45.75,44.55,45.3,9905741.55
19-Jan-14,52.5,52.5,52.5,52.5,210000
19-Jan-14,381.75,396.8,375.25,392.75,112058813.7
19-Jan-14,105,109.75,103.8,106.9,2122407.05
19-Jan-14,59.5,59.5,57.05,57.05,225257.6
19-Jan-14,59.55,62.95,59.55,60.95,404801.1
19-Jan-14,150,152.2,145.35,145.75,113132871.6
19-Jan-14,67.55,70,67.45,70,42049.8
19-Jan-14,2.7,2.7,2.7,2.7,3784598.1
19-Jan-14,708.25,714,700,705.15,9939629.55
19-Jan-14,62.25,62.85,56.95,60.55,1017816
19-Jan-14,26,27.25,25.75,25.9,62753.6
19-Jan-14,2492,2521.95,2455,2499.45,2939938.05
19-Jan-14,87.95,88,85.4,86.35,390106.35
19-Jan-14,1056,1100,1036,1068.2,12992226.1
19-Jan-14,340,344.95,321.35,333.45,7756326.1
19-Jan-14,584,607.95,584,596.05,270224954.3
19-Jan-14,372,386.7,366.2,377.4,33173408.65
19-Jan-14,382,400.05,372.5,391.7,39890973.45
19-Jan-14,1500,1500,1451.35,1470.6,2539515.05
19-Jan-14,298.7,303,294.5,298.2,10749398.5
19-Jan-14,1439,1460,1742,1774.15,21460127.15
19-Jan-14,14.25,14.5,14.25,14.3,2689745.1
19-Jan-14,304.3,311.8,295,302.3,33214950.4
19-Jan-14,79.4,82.45,77.95,81.8,21407260.15
19-Jan-14,141.3,143.85,138.5,142.85,20441524.9
19-Jan-14,369.3,376.95,366.4,372.75,79495799.3
19-Jan-14,74.05,74.75,72.55,73.4,20102590.25
19-Jan-14,1052.7,1063.9,1043.05,1060.55,4536229739
19-Jan-14,270.7,274,269.19,273.28,3273063.5
19-Jan-14,263.95,263.95,262.3,263.25,3193788.95
19-Jan-14,109,110.17,108.88,109.92,17293458.7
19-Jan-14,50.25,51,47,50.75,77260.5
19-Jan-14,365,371.9,364.7,369.75,615038.15
19-Jan-14,16.75,16.75,16.2,16.3,609487.45
19-Jan-14,28.25,29.5,27.85,27.9,1653790.4
19-Jan-14,209.8,212.55,201.05,204.9,5598207.2
19-Jan-14,191.65,197.5,191.05,196.65,268825958.8
19-Jan-14,799,819.5,795,811.35,26906938.7
19-Jan-14,616.9,649,610.85,629.65,227784923.1
19-Jan-14,145,145,142,142.1,394242.5
19-Jan-14,120.85,124.05,114,121.05,66163072.1
19-Jan-14,32.05,32.4,32.05,32.4,257800
19-Jan-14,895,900,879.15,893.65,17148398
19-Jan-14,510.3,516.6,504,510.6,126233647
19-Jan-14,0.35,0.35,0.35,0.35,547251.95
19-Jan-14,15.8,17.25,15.65,17.25,35919217.4
19-Jan-14,379.9,382,373.35,375.55,25287328.25
19-Jan-14,145.55,148.5,145.1,145.8,1944371.9
19-Jan-14,158.5,160.95,156.5,158.85,579470694.9
19-Jan-14,103.85,104.25,99.6,100.95,138355442.6
19-Jan-14,172,172.75,169.55,172.25,425835463.2
19-Jan-14,980.09,980.09,980.09,980.09,39203.6
19-Jan-14,1647,1650,1647,1650,100589
19-Jan-14,970.04,971.07,970.04,971.06,87343.24
19-Jan-14,1607,1620,1607,1620,469050
19-Jan-14,1046,1047.05,1045.04,1047.05,83684.56
19-Jan-14,1682.5,1694,1682.5,1687,560208.5
19-Jan-14,50.75,50.95,49.2,49.95,547394.25
19-Jan-14,30,30.7,29,29.85,3401953.85
19-Jan-14,141.65,143.35,138.5,141.65,68692669.9
19-Jan-14,911.95,911.95,892,903.05,30676885.75
19-Jan-14,73.7,73.7,70.4,71.2,928428.4
19-Jan-14,642,699,641.05,664.6,56484647.65
19-Jan-14,176.8,176.8,169.05,173.85,11173204.9
19-Jan-14,540.8,546,535,543.65,32661940.05
19-Jan-14,15.45,15.45,15.45,15.45,92700
19-Jan-14,6080,6160,6050,6116.9,13053949.05
19-Jan-14,1.25,1.25,1.25,1.25,36586.25
19-Jan-14,292.5,296.8,285,289.7,56726693.05
19-Jan-14,119,119,119,119,357000
19-Jan-14,126,126,124,124,120190
19-Jan-14,1030,1045,983,1007.5,10962313.35
19-Jan-14,250.55,257,246.05,249.1,7667629.5
19-Jan-14,552.2,563.5,551.2,562,691648223.3
19-Jan-14,110,112.7,110,112.7,222.7
19-Jan-14,361,370,341.2,351.85,230677.15
19-Jan-14,109,120.99,109,119.25,43159.46
19-Jan-14,228.9,243.2,228,237.45,33065103.25
19-Jan-14,424.95,452.8,424.95,450.45,30894946.65
19-Jan-14,540.55,548.65,532,536.35,24041129.25
19-Jan-14,1000,1000.01,999.99,1000,860149904
19-Jan-14,2.2,2.2,2,2,13013891.9
19-Jan-14,9.65,9.65,9.05,9.15,1473632.15
19-Jan-14,71.65,72.35,70,71,5046091.8
19-Jan-14,35.6,35.6,32.3,35.45,1714501.7
19-Jan-14,234,238.4,234,237.6,7200210.35
19-Jan-14,83.32,83.32,83.27,83.32,10412.5
19-Jan-14,5.2,5.35,5.05,5.1,40692.25
19-Jan-14,3.5,3.5,3.5,3.5,177023
19-Jan-14,1362,1378.65,1353.5,1371.45,2916497487
19-Jan-14,1099,1127.5,1075.05,1114.4,205207616.8
19-Jan-14,999.6,1003.15,980.25,996.8,14530914.45
19-Jan-14,2035.75,2060,2017.85,2051.55,6854692.7
19-Jan-14,777.15,777.15,757.55,760.9,9927574.15
19-Jan-14,925,926,906.4,924.1,1234469499
19-Jan-14,1501,1530,1501,1525.3,103712205.8
19-Jan-14,7.05,7.2,6.95,7,5328020.55
19-Jan-14,68.4,69.55,66.5,67,7682042.9
19-Jan-14,37.95,38.35,37.3,37.7,6068761.25
19-Jan-14,760,768.3,748.3,765.4,1517990916
19-Jan-14,474,479.9,464.4,468.6,897619315
19-Jan-14,1085,1085,1085,1085,16275
19-Jan-14,22.15,23.19,22.01,22.85,1327320.46
19-Jan-14,9.9,9.9,9.9,9.9,871.2
19-Jan-14,103.5,103.85,101.5,103.57,935196.2
19-Jan-14,161.95,165.8,150.15,158.7,4851560.85
19-Jan-14,72.85,72.85,68.5,70,2781953.45
19-Jan-14,34.2,34.45,32.5,33.3,6312949.4
19-Jan-14,47.4,48.7,46.3,47.8,38138489.85
19-Jan-14,157,159.5,153.15,154,3789789.95
19-Jan-14,141,141,172,174.7,162204758.6
19-Jan-14,15.55,16.2,15.4,15.45,1557913.75
19-Jan-14,21.35,21.35,20.9,21,25959612.05
19-Jan-14,100.45,103,94.5,100.9,12849716.05
19-Jan-14,170,170,165,165,1688750
19-Jan-14,239.75,243.5,236.5,240.85,36129895
19-Jan-14,519.9,533.2,512.15,529.65,30158199.3
19-Jan-14,500,507.35,491.15,492.2,42727264.95
19-Jan-14,2727.5,2779,2711.25,2761.25,4557376.25
19-Jan-14,511.6,527.5,507.5,520.75,24028391.6
19-Jan-14,935.15,959.95,914,926.2,142475839.6
19-Jan-14,512.15,537.9,508.5,532.55,82478956.85
19-Jan-14,43.5,43.9,42.5,42.95,1912932.55
19-Jan-14,17,17,16.5,16.5,921265.8
19-Jan-14,21.5,21.5,19.6,20.7,1641033.35
19-Jan-14,71,75.4,69.25,70.35,13043977.4
19-Jan-14,39.7,42.5,39.7,41.65,1411933.9
19-Jan-14,37.5,37.9,36.7,37.45,14492910.4
19-Jan-14,115.6,120.7,112.7,119.65,1203402272
19-Jan-14,8.4,8.4,7.65,7.75,1266643.1
19-Jan-14,192.15,194,146,148.15,14859730.8
19-Jan-14,77.2,77.9,75,75.7,10342494.7
19-Jan-14,433,433,414.2,416.55,15883889.55
19-Jan-14,37.6,37.6,36,36.6,512174.15
19-Jan-14,143.6,148,138.55,144.55,65955882.4
19-Jan-14,67.3,68.9,66.25,67.5,35419505.95
19-Jan-14,437.85,440,424.55,427.95,30719975.3
19-Jan-14,56.55,56.65,52.95,53.9,3836669.7
19-Jan-14,46.2,47.55,44.6,44.95,2337376.85
19-Jan-14,585.95,603.95,580,587.35,2207630.8
19-Jan-14,314,315.5,310.2,314.1,152752274.6
19-Jan-14,44.25,44.9,43.1,44.4,157214451.5
19-Jan-14,9325,9396,9282,9323.95,5057756683
19-Jan-14,623.3,640,615,626.05,50732575.4
19-Jan-14,71.9,71.9,71.9,71.9,5752
19-Jan-14,400,428.7,395.15,425.9,328008394.4
19-Jan-14,900.05,928.95,900.05,911.95,320739.05
19-Jan-14,70.6,70.6,66.1,66.5,13485772.05
19-Jan-14,119,120.7,113.5,117.25,36029410.15
19-Jan-14,84.95,87.5,84.75,86.4,8627531.1
19-Jan-14,525,525,511.7,517.6,10704030.05
19-Jan-14,488.5,508,481,487.35,7762873.25
19-Jan-14,54.75,54.75,54.75,54.75,164250
19-Jan-14,63,64,60.55,61.25,2748514.55
19-Jan-14,26,26.4,25,25.65,1423381.5
19-Jan-14,46.6,48,46.05,46.25,3733343.2
19-Jan-14,3690,3731,3633.9,3713.95,1294717062
19-Jan-14,300,300,300,300,240000
19-Jan-14,144.5,146.45,178.1,140.65,74574148.9
19-Jan-14,837.55,848,833,836.6,343412562.4
19-Jan-14,15.5,15.5,15.05,15.3,594635.8
19-Jan-14,106.95,109.9,106,109.2,237330267.4
19-Jan-14,3.8,3.9,3.8,3.9,113094.2
19-Jan-14,109,114,106.55,112.85,17365478.1
19-Jan-14,92.95,94.35,91.55,93.05,28740777.25
19-Jan-14,42.25,43,41.1,42.85,88125267.75
19-Jan-14,1470,1515,1463.3,1487.4,69254089.45
19-Jan-14,36.5,38.5,36.3,36.95,930727.45
19-Jan-14,3.6,3.95,3.6,3.65,434300.15
19-Jan-14,550.85,558.3,545.05,548.4,239559005.7
19-Jan-14,1052,1052.5,1024.8,1044.85,314558432.3
19-Jan-14,366.3,373.5,361.55,368.5,7039256.45
19-Jan-14,9.4,9.4,8.8,8.9,1981702.6
19-Jan-14,77,77,76.2,76.88,330852.33
19-Jan-14,29.2,29.9,28.5,28.75,581400
19-Jan-14,208,211.25,204.9,208.3,62368353.95
19-Jan-14,1309.8,1314.15,1270.55,1291.15,117173334.2
19-Jan-14,81,81.75,77,80.3,5878245.35
19-Jan-14,685,706,671.2,702.4,1656834551
19-Jan-14,48.9,49.7,47,48.5,34964568.35
19-Jan-14,153.2,154,150,151.2,44915338.35
19-Jan-14,98,98,82,82,1678700
19-Jan-14,1120,1130.15,1105.3,1120.1,14696721.05
19-Jan-14,64.85,65.15,63.6,64.2,65466273
19-Jan-14,41.35,41.8,40.1,41.1,12557969.6
19-Jan-14,389,391.55,377,379.6,3099860.45
19-Jan-14,241,244.65,237.2,239.4,106295935.2
19-Jan-14,51.5,51.5,48,48.3,2948850
19-Jan-14,71.6,75.2,71.6,71.75,1330357.6
19-Jan-14,334.1,374,334.1,354.35,97674822.3
19-Jan-14,29.5,29.9,28.75,29,21643687
19-Jan-14,2577.1,2610,2550,2594.45,14417615.45
19-Jan-14,561,581.6,561,577.65,15675294.5
19-Jan-14,55.1,56.65,54.1,54.75,1411944.05
19-Jan-14,39.55,42.15,38,41.45,196637810.2
19-Jan-14,5.35,5.65,5.3,5.3,1439142.85
19-Jan-14,378.3,384.95,374.55,382.3,415576020.7
19-Jan-14,1398.45,1443.6,1398.45,1419.7,122142101.4
19-Jan-14,41.15,43.2,40.5,41.95,429479.15
19-Jan-14,795,800.55,762,789.55,168444214.9
19-Jan-14,646,656.3,640.5,650.8,5108712.9
19-Jan-14,147.5,147.5,147.5,147.5,295000
19-Jan-14,69100,69399.9,68500,69156,532351627.2
19-Jan-14,35,35,35,35,3500
19-Jan-14,126,127.5,124,125.95,127251086.7
19-Jan-14,25.9,25.9,23.7,23.95,441264.85
19-Jan-14,55.9,57.8,55,57.7,7354467.45
19-Jan-14,26.25,26.5,25.15,25.95,54401570.65
19-Jan-14,51.35,53.85,50.4,52.2,2269744.8
19-Jan-14,91.9,93,90.25,91.25,19274242.35
19-Jan-14,7.7,7.7,7.7,7.7,308
19-Jan-14,92.65,95,92.05,93.9,5578389.1
19-Jan-14,84.65,91.8,83,88.2,72006357.05
19-Jan-14,281,287,279.4,283.05,20831428.7
19-Jan-14,47.25,48.1,44,46.3,7604481.05
19-Jan-14,809,855,809,825.6,51065014.7
19-Jan-14,431.2,437.8,424.55,434.25,168439817.7
19-Jan-14,999,1014,995,1014,102726.5
19-Jan-14,998.11,999,998.1,998.2,299458.1
19-Jan-14,482,500,482,491.33,691489.15
19-Jan-14,1172.4,1177,1172.4,1177,1078700
19-Jan-14,57.9,58.9,56,56.65,6528140.6
19-Jan-14,23.45,24,22.9,23.7,25554674.95
19-Jan-14,4.35,4.45,4.15,4.25,3975572.95
19-Jan-14,48,48.95,47.15,47.15,1280048.5
19-Jan-14,41.8,41.8,39,39.75,461387.6
19-Jan-14,196.8,196.8,191.3,193.7,1514199.8
19-Jan-14,106.8,108,93.9,104.45,8613917
19-Jan-14,77,80.95,73.25,76.9,15059403.15
19-Jan-14,121.95,124.5,119.3,122.4,6145222.9
19-Jan-14,0.6,0.6,0.5,0.5,453314.3
19-Jan-14,90,90,90,90,140000
19-Jan-14,1004,1030,1004,1022.4,294355067.2
19-Jan-14,535,547,530.1,538.8,88125260.45
19-Jan-14,75.9,77.3,74.65,77,650364576.3
19-Jan-14,42.9,42.9,40.55,41.25,2998419.8
19-Jan-14,1384.95,1414.95,1371.3,1406.55,35179665.2
19-Jan-14,799.95,805,783.7,790.55,21064464.3
19-Jan-14,199,201.75,195.3,199.8,47205746.75
19-Jan-14,155.15,158,155.05,156.8,4313555.9
19-Jan-14,237,241.6,234,240.3,147408819.1
19-Jan-14,1404,1442,1728,1791.25,1371170.45
19-Jan-14,165,171.3,162,164.7,67973026.6
19-Jan-14,123.25,127.4,121.2,126.7,806964087.5
19-Jan-14,284,286.3,279.2,282.6,35434078.4
19-Jan-14,1953.55,2051.2,1482.05,2049.7,5125432.65
19-Jan-14,153,157.3,152,154.25,10367623.4
19-Jan-14,46.1,46.95,45.55,45.9,2165602.9
19-Jan-14,31.4,31.4,30.8,31.15,1944701.05
19-Jan-14,34.3,34.75,33.45,34.55,13630076.05
19-Jan-14,94.55,96.95,92.25,93.4,12550399.85
19-Jan-14,124.9,126.4,121.55,124.2,11561071.45
19-Jan-14,608,625,602.05,612.65,32919775.25
19-Jan-14,7800,7800,7667,7680.65,146752525
19-Jan-14,54.8,55.45,53.8,54.6,48567028.25
19-Jan-14,875.2,884.15,875.2,880.8,14129734.75
19-Jan-14,14.75,19.95,14.75,19.05,409838.85
19-Jan-14,69.5,71,69,69.7,62852036.4
19-Jan-14,290.4,290.9,287.05,289.6,11285361.5
19-Jan-14,1095,1097,1094.01,1097,1205301
19-Jan-14,1179.99,1140,1178,1178.41,2255782.76
19-Jan-14,1273.25,1275,1273,1273.8,2798833.72
19-Jan-14,1114,1122,1114,1121.67,117757
19-Jan-14,1171.01,1174.99,1171,1171,199130.65
19-Jan-14,1079,1079,1079,1079,14027
19-Jan-14,6440,6440,6400.5,6404.73,646592.25
19-Jan-14,6420,6420,6420,6420,898800
19-Jan-14,29.6,30,29.3,29.85,177792937.2
19-Jan-14,1463,1463,1463,1463,14630
19-Jan-14,1322.15,1322.15,1322.14,1322.14,165268.68
19-Jan-14,609,611.95,605,606.5,8572933.05
19-Jan-14,28.15,28.8,28.1,28.6,98507.15
19-Jan-14,117.9,114.31,117.4,114.24,121403.02
19-Jan-14,1111.3,1124.57,1111.3,1121.84,30904895.89
19-Jan-14,110,112,110,111.7,3061633.81
19-Jan-14,105.15,107.85,104.5,106.55,79123844.45
19-Jan-14,694.9,734.25,682.85,728.05,1606812342
19-Jan-14,24,24.55,23.65,24,39314202.65
19-Jan-14,1902.5,1945,1462.5,1930,74982012.55
19-Jan-14,940,955,920,924.15,1356846.05
19-Jan-14,106.6,110.9,106.6,109.65,28996768.4
19-Jan-14,14,14,16.65,16.9,3877774.2
19-Jan-14,7.4,7.4,6.9,6.95,2747821.7
19-Jan-14,111.9,111.9,109.75,111.2,8219590.05
19-Jan-14,51,52.9,49.35,50.8,71337.95
19-Jan-14,105.25,105.9,103.4,104.65,52642214.3
19-Jan-14,145,146.9,143.2,146.4,398966523.7
19-Jan-14,203,207.7,197.5,202.45,223507588.6
19-Jan-14,12.65,12.65,12.05,12.45,953355.95
19-Jan-14,6.75,6.75,6.7,6.7,21540
19-Jan-14,538,549.95,531.05,538.05,10257974.15
19-Jan-14,162,163.6,160.1,161.55,19304190.35
19-Jan-14,1382.05,1399.85,1359,1371.65,475484.9
19-Jan-14,4.7,5,4.7,4.9,105108.4
19-Jan-14,172.05,173.45,170.2,172.75,548685145.2
19-Jan-14,1199,1199,1105.6,1150,4604.6
19-Jan-14,1296.6,1296.6,1276.5,1276.54,968751
19-Jan-14,13.6,13.65,13.6,13.61,538325.49
19-Jan-14,469.9,474,440.1,459.2,17459141.95
19-Jan-14,1.65,1.65,1.65,1.65,131315.25
19-Jan-14,49.89,50.03,49.83,49.9,12217.54
19-Jan-14,501,511.9,497.1,507,43543871.4
19-Jan-14,1287.8,1344,1260,1303.05,17378740.8
19-Jan-14,1420.1,1424.9,1376.25,1398.4,10608679.9
19-Jan-14,4008.4,4149,3993.8,4094.05,68773855.05
19-Jan-14,375,379,371.55,374.65,141392775.1
19-Jan-14,57,57,53.25,54.4,10892749.95
19-Jan-14,5.2,5.2,4.75,4.75,514447.2
19-Jan-14,115.4,124,115,119.55,81356043.8
19-Jan-14,228.85,229.6,227.25,228.35,46110069.45
19-Jan-14,72.9,74,70.4,72.05,8697258.8
19-Jan-14,66.1,67.3,65.1,65.8,14941581.5
19-Jan-14,26.15,26.5,25.25,25.8,22680.65
19-Jan-14,90.15,90.5,89,89.1,3949900
19-Jan-14,194.15,196.15,192,193.7,978460929.4
19-Jan-14,59.5,59.6,56.35,57.7,41494576.2
19-Jan-14,120,122.9,119,120.7,3472610.2
19-Jan-14,278.4,278.4,266.95,278.25,14849100.3
19-Jan-14,9.7,9.75,9.3,9.55,2945569.65
19-Jan-14,160,165.75,156,164.15,3486995.35
19-Jan-14,19.5,19.95,19,19.65,7557730
19-Jan-14,66.1,67.85,65.3,66.75,81940443.8
19-Jan-14,52.7,52.95,50.1,51.15,6911272.35
19-Jan-14,16.25,17.4,16,16.6,124853.75
19-Jan-14,120.6,123.6,119.8,122.8,145294546.4
19-Jan-14,312.05,320.05,307,315,6736757.5
19-Jan-14,167.95,169.15,166,167.4,9969951.4
19-Jan-14,56.85,60.45,55.15,59.9,171421949.1
19-Jan-14,144,190,144,190,57660
19-Jan-14,49.95,50.5,48,48.85,14033292
19-Jan-14,170,171.9,165.5,166.45,7851603.95
19-Jan-14,1939.95,1943.95,1911.25,1921.9,5971127.2
19-Jan-14,32.8,34.25,31.25,32.65,451777.7
19-Jan-14,24,24.3,23.35,23.55,472763.95
19-Jan-14,8.85,8.85,8.85,8.85,39435.6
19-Jan-14,22222,22346.25,21900,22050.8,247951680.2
19-Jan-14,81,83.8,79,80.55,137959.7
19-Jan-14,97.05,111.2,96.95,107.75,23420000.95
19-Jan-14,268.8,274.65,261.25,270.6,109439941
19-Jan-14,143.5,147.5,143,147.5,1625600
19-Jan-14,240,241.8,230,234.35,24012938.85
19-Jan-14,12,12.6,11.65,12.25,994574.05
19-Jan-14,23.15,23.15,23.15,23.15,138900
19-Jan-14,350.5,350.5,342.1,346.75,7358747.4
19-Jan-14,7.85,8.25,7.85,8,128158
19-Jan-14,15.45,15.7,15.2,15.2,5812863.2
19-Jan-14,280.5,280.5,272,274.9,71959255.7
19-Jan-14,26.15,26.15,25,25.1,7683353.65
19-Jan-14,76,76,76,76,121600
19-Jan-14,80,81.95,78.6,80.6,38135304.35
19-Jan-14,82.85,83.1,80,81.2,6324228.55
19-Jan-14,28.5,28.75,27.5,27.9,484514.6
19-Jan-14,20.2,20.2,14.85,14.9,347060.9
19-Jan-14,583.95,592.35,574.25,587.35,2483341767
19-Jan-14,29.8,29.8,27.75,27.95,2257524.5
19-Jan-14,22.15,22.15,20.15,20.25,354256.7
19-Jan-14,325.05,340,320.1,333.2,7501595.95
19-Jan-14,14.6,16.4,14.6,15.75,506414.25
19-Jan-14,39,39.95,39,39,528769.85
19-Jan-14,2770,2810,2742.35,2793.95,315414290.5
19-Jan-14,65.25,66,62.7,63.6,46778775.1
19-Jan-14,35.45,36.85,34.3,36.05,37131012.45
19-Jan-14,105.5,109.7,103,105.7,10621302.2
19-Jan-14,25.35,25.35,25.35,25.35,152100
19-Jan-14,747,774.9,747,769.1,109079310.2
19-Jan-14,130,135.55,130,133,362966.65
19-Jan-14,233.55,238.2,231.75,237.05,836471500.6
19-Jan-14,119.4,122.05,119.05,120.2,640052773.8
19-Jan-14,1093,1093,1092.5,1092.5,1603398.7
19-Jan-14,1164.99,1165,1164.99,1164.99,230669
19-Jan-14,1125,1125,1125,1125,22500
19-Jan-14,1268,1276,1268,1270.05,2991051.05
19-Jan-14,2099.75,2138.9,2080.2,2123,70117701.05
19-Jan-14,111,113,105.85,108.6,25719254.35
19-Jan-14,37.15,37.4,36.6,36.65,33258085.55
19-Jan-14,442,442,416,422.7,25987223.85
19-Jan-14,9424.25,9449.9,9310,9415.9,83633627.95
19-Jan-14,132,137.95,131.2,132.9,2361254.75
19-Jan-14,1272.3,1328.75,1240,1301.45,1430027583
19-Jan-14,592,615,592,606.8,46539879.85
19-Jan-14,893,898,888,890.35,165455093
19-Jan-14,994.3,1014,980.5,997.15,350474530.9
19-Jan-14,3088,3088,3030.6,3086.3,4378638.5
19-Jan-14,16.25,16.75,15.5,15.85,735152.65
19-Jan-14,38.5,38.9,37,37.85,11045961.8
19-Jan-14,200.05,206.85,198.8,203.65,2810215.35
19-Jan-14,41.6,41.6,38.15,39,3057720.55
19-Jan-14,95.1,97.05,94.1,95.35,5322749.15
19-Jan-14,675,680,619.15,621.45,37153343.65
19-Jan-14,240.5,245.5,237.3,239.55,5032467.65
19-Jan-14,170.8,178,169.35,176.4,3757406128
19-Jan-14,45.75,46.2,44.8,45.4,14137530.85
19-Jan-14,1300,1315.85,1283.05,1304.15,166765472.4
19-Jan-14,24.25,24.25,23.25,23.85,305201.55
19-Jan-14,192.8,193.45,149.2,191,19962300.3
19-Jan-14,6.8,7.05,6.8,6.9,98584
19-Jan-14,1141,1197,1093.6,1148.3,2722765.15
19-Jan-14,308.1,314.55,300,304.5,2428364.5
19-Jan-14,227.6,230.2,227.6,229.85,9790964.75
19-Jan-14,405,417,405,411.75,41153028.45
19-Jan-14,266.95,268.5,260,265.3,3301194.25
19-Jan-14,536,550,533.3,543.7,15638404.5
19-Jan-14,143.35,143.4,178.25,140.2,989997.1
19-Jan-14,197,198,194.3,196.1,892068297.5
19-Jan-14,880,886.5,863.95,874.3,14459534.85
19-Jan-14,640,655,622.85,640.95,31431969.25
19-Jan-14,214.6,215.5,208.45,212.45,14494462.55
19-Jan-14,4.05,4.05,4.05,4.05,56367.9
19-Jan-14,16.6,17.4,16.25,17.1,1790576.35
19-Jan-14,113.2,115.15,110.6,112.9,129405485.4
19-Jan-14,235.4,245.8,233.15,242.3,885594895.6
19-Jan-14,8.05,8.05,8.05,8.05,953425.9
19-Jan-14,9,9,8.7,8.7,3025131.75
19-Jan-14,123.9,128.9,122,125,3779914.1
19-Jan-14,86.8,88.65,84.05,84.35,327335.7
19-Jan-14,273.8,284.95,272.05,274.9,5411670.75
19-Jan-14,446.1,446.85,437.3,441.85,4020398.9
19-Jan-14,35.35,35.5,33.6,34.25,1714221.9
19-Jan-14,40.2,42.95,40.2,40.9,271306.6
19-Jan-14,71.95,71.95,69.1,70.1,3428825.9
19-Jan-14,311.9,315,302.25,310.8,59527778.1
19-Jan-14,119.25,121,115,117.1,20241415.4
19-Jan-14,52.9,55.5,50.75,54.35,8051591.95
19-Jan-14,139.4,147.5,136.6,141.9,280892334
19-Jan-14,6.65,6.65,6.35,6.5,824120.55
19-Jan-14,63.6,63.9,60.1,61.05,23068929.9
19-Jan-14,47.1,47.85,47,47.35,2520353.1
19-Jan-14,5.1,5.2,4.9,4.9,164594.3
19-Jan-14,568.9,573,560,569.2,28129048.9
19-Jan-14,403,413.71,403,411.85,8955404.57
19-Jan-14,115,116.35,113.5,115.9,150917485
19-Jan-14,56.5,57.9,56.2,56.9,681911.9
19-Jan-14,54,54,54,54,216000
19-Jan-14,472.95,478,470,472.15,2086195.2
19-Jan-14,23.9,24.05,23.1,23.55,45308213.65
19-Jan-14,147.1,151.7,143.6,147.65,55553856.2
19-Jan-14,90.05,90.05,89,89,1798000
19-Jan-14,8.55,8.8,8.5,8.5,1133541.95
19-Jan-14,1464.8,1484.1,1455.05,1469.05,153468326.2
19-Jan-14,1323.9,1339.7,1316,1338.05,514587.9
19-Jan-14,1169.2,1169.2,1169.2,1169.2,2338.4
19-Jan-14,1044.75,1061.25,1025.3,1052,63901790.25
19-Jan-14,344.95,356.5,342,351.9,274281226
19-Jan-14,3.45,3.45,3.45,3.45,26565
19-Jan-14,341,369.85,337.45,365.55,1737729382
19-Jan-14,401,412,389.15,394.85,13072282.6
19-Jan-14,414.8,438,410,432.35,1642635045
19-Jan-14,4,4.05,3.85,3.85,1637147.35
19-Jan-14,828.6,834.8,815.5,821.95,352226162.3
19-Jan-14,2.7,2.7,2.7,2.7,25620.3
19-Jan-14,0.85,0.85,0.75,0.75,1367845.5
19-Jan-14,52.5,52.8,50.5,51.85,2059513.75
19-Jan-14,59.35,60.2,59,59.5,1257797.75
19-Jan-14,46.05,49.2,46.05,47,28323.25
19-Jan-14,265.95,269.4,262.05,266.8,110379681.4
19-Jan-14,34.75,34.75,33.25,33.75,2581982.8
19-Jan-14,265.2,269.95,258,262.3,8778239.7
19-Jan-14,786.1,800,771.55,785.55,109315629.9
19-Jan-14,303,311,299,304.7,49558744.65
19-Jan-14,520,522.2,502.55,511.05,11398252.6
19-Jan-14,3.75,3.75,3.75,3.75,750
19-Jan-14,221.15,229.4,221,223.4,24929730.65
19-Jan-14,2.65,2.7,2.65,2.65,13463
19-Jan-14,7.25,7.25,7,7.05,2936954.45
19-Jan-14,623.9,634.65,577.05,582.6,7028939.35
19-Jan-14,2359,2359,2212.25,2249.75,6483675.2
19-Jan-14,1040,1070,1040,1062.65,11988045.6
19-Jan-14,1075,1086.3,1056.6,1081.9,399799382.1
19-Jan-14,1134,1134,1090.05,1105.65,6140095.3
19-Jan-14,528.5,534.75,514.7,523.3,651263356.4
19-Jan-14,102.25,103.5,98.8,101.25,504757882.5
19-Jan-14,28.8,29.95,27.75,29.45,3472387568
19-Jan-14,153.1,158.4,152.9,156.45,821688785.4
19-Jan-14,1080.61,1085.2,1080.61,1085.2,311704.34
19-Jan-14,1099.65,1150,1099.65,1150,138715
19-Jan-14,1205,1210,1201.15,1201.15,542346
19-Jan-14,149.6,190,144.4,149.55,29335752.65
19-Jan-14,20.75,21.75,20.75,21.1,508252.85
19-Jan-14,8.65,8.65,8.65,8.65,17.3
19-Jan-14,667.4,670,630.45,638.2,20549048.9
19-Jan-14,521.9,534.6,511.9,529.25,4015541464
19-Jan-14,114.68,115,114.68,115,40561.4
19-Jan-14,53,58.6,52.63,52.82,2283343.67
19-Jan-14,29.17,29.31,29.17,29.31,3796.3
19-Jan-14,64,65,62,64.5,1142100
19-Jan-14,923,934.4,922.1,931.3,4233444944
19-Jan-14,1449,1449,1434,1438.1,134142
19-Jan-14,52.25,52.25,52.25,52.25,9295013.75
19-Jan-14,506.4,521.75,499.3,517.85,1755547759
19-Jan-14,504.37,504.37,504.37,504.37,504.37
19-Jan-14,96,96,87.1,90.15,303238.8
19-Jan-14,15.8,16.3,15.6,15.95,44778471.65
19-Jan-14,670.65,690.95,667.95,683.85,191302052.1
19-Jan-14,725,739,712,731,3950243.35
19-Jan-14,40.25,40.8,40.15,40.4,955765.8
19-Jan-14,705.25,730.25,705,717.65,1154002.65
19-Jan-14,81,83.65,79.65,81,46629088.1
19-Jan-14,990,990,990,990,4950
19-Jan-14,994.99,994.99,992.5,994.34,84495.65
19-Jan-14,996,999,996,998,771353
19-Jan-14,1000,1000,1000,1000,70000
19-Jan-14,94.7,95.75,91.75,93.55,65858581.65
19-Jan-14,561,567.35,546.15,560.75,302085687
19-Jan-14,324.9,335.95,324.75,328.85,15890498.05
19-Jan-14,21.45,22.05,20,20.25,926117.95
19-Jan-14,155,158.75,155,156.3,5656050
19-Jan-14,801.1,834.9,801.1,825.2,12216745.7
19-Jan-14,28,28,27,27.4,4675414.85
19-Jan-14,67.5,70.4,67.5,70.4,688400
19-Jan-14,695,707.8,680,702.25,7369769.3
19-Jan-14,300,303.4,291,293.5,110294715.2
19-Jan-14,49.7,50.55,47.95,49.9,525680449.1
19-Jan-14,192.55,205.9,149.05,195.35,32568339.25
19-Jan-14,6.5,6.9,6.5,6.65,233495.7
19-Jan-14,70.95,71.25,67.15,68.5,132384721
19-Jan-14,117.2,120,115.05,114.35,1391271.5
19-Jan-14,523.1,540,511,523.4,29048304.7
19-Jan-14,48.75,49.4,46.6,48.9,1142147168
19-Jan-14,304,312.9,296.8,306.75,13919874.4
19-Jan-14,16.9,16.9,16.9,16.9,16.9
19-Jan-14,81.65,82.75,80.1,81.15,19436693.05
19-Jan-14,402,402,380.15,385.3,9317459.55
19-Jan-14,45.7,45.7,43.85,44.85,1776106.65
19-Jan-14,7.15,7.25,6.8,7,2206614
19-Jan-14,7.4,7.55,7.3,7.4,50015142.65
19-Jan-14,402,408.7,395.05,404,3137312.05
19-Jan-14,5.5,5.5,5.25,5.4,175138.75
19-Jan-14,196.5,197.75,191.1,195,12401755.4
19-Jan-14,19.5,19.5,14.6,19.05,29215926.4
19-Jan-14,449.95,474,448.65,463.4,65154836.55
19-Jan-14,970,985.2,950,971.45,41073168
19-Jan-14,17.95,17.95,17.95,17.95,37353.95
19-Jan-14,31.3,31.3,31.3,31.3,1493775.2
19-Jan-14,411.35,415,404,411.3,48672338.1
19-Jan-14,143.15,148.5,141.9,147.6,24745974.75
19-Jan-14,26.2,26.2,26.2,26.2,314400
19-Jan-14,1052,1064.95,1045,1048.65,10688700.7
19-Jan-14,91.9,94.15,90.9,93.3,1195710263
19-Jan-14,65,65,61.1,63.9,3041400
19-Jan-14,24,24.3,23.55,23.85,1616991.7
19-Jan-14,234,235.8,227,228.1,2638977.3
19-Jan-14,157.5,157.5,145.1,153.15,1190276.2
19-Jan-14,308.9,314.8,302.1,308.85,6543299.45
19-Jan-14,145,150.4,138.45,145.45,299288
19-Jan-14,51.8,53.75,51.3,53,86043.7
19-Jan-14,6.6,6.85,6.45,6.55,959610.05
19-Jan-14,220,223,214,219.6,13896449.1
19-Jan-14,12.6,13.4,12.6,13.05,2077312.7
19-Jan-14,1.85,1.85,1.8,1.8,44209.7
19-Jan-14,46,47.15,44.55,45.05,16074925.7
19-Jan-14,1270.05,1285,1252.4,1258.15,1703370.3
19-Jan-14,145.9,148,142.05,144.05,2207681
19-Jan-14,136.6,136.6,133,133.2,46433749.25
19-Jan-14,43.5,43.5,38.6,40.6,1482164.9
19-Jan-14,167.1,173.65,167.1,170.15,5481573.15
19-Jan-14,45.4,45.4,45.25,45.25,271950
19-Jan-14,4651,4751,4651,4743.15,79880712.3
19-Jan-14,25.4,27.6,25.05,26.65,65349072
19-Jan-14,580.2,588,566,573.25,76819608.3
19-Jan-14,791,799.7,760.1,786.35,103154369.8
19-Jan-14,65.9,67,63.25,64.55,12915228.8
19-Jan-14,744.8,744.8,721,737.1,20193290.3
19-Jan-14,116.5,120,116.5,114.95,1474589
19-Jan-14,31.35,32.5,31,31.1,1098879.5
19-Jan-14,498.45,508.5,495,504.2,41529766.25
19-Jan-14,705.05,713.95,701.45,711.5,207128447.7
19-Jan-14,303.95,310,302.5,309.25,5671084211
19-Jan-14,11311,11311,11311,11311,11311
19-Jan-14,11400,11400,11550,11569.72,3997964.84
19-Jan-14,8.5,8.5,8.2,8.5,2780390.3
19-Jan-14,5650,5688,5525.3,5614,27647457.4
19-Jan-14,492.8,497,486,488.6,9817911.1
19-Jan-14,123.1,124.8,121.75,122.35,14605429.05
19-Jan-14,90.65,91.25,88.3,88.9,81662573.1
19-Jan-14,258.95,267,257.35,263.8,93148960.75
19-Jan-14,140,146.75,178,140.2,4230080.1
19-Jan-14,237,237.9,221.15,224.05,5544750
19-Jan-14,360.8,361,333.5,338,22280294.3
19-Jan-14,244.5,244.8,236.05,239.6,10207814.05
19-Jan-14,3.35,3.45,3.25,3.25,1220557.35
19-Jan-14,366,369.5,366,369.5,65323.08
19-Jan-14,10.1,10.9,10.1,10.9,5159
19-Jan-14,95,95.9,92.5,94.25,11492771.4
19-Jan-14,2.2,2.2,2.15,2.2,23243.6
19-Jan-14,36.5,36.5,36.5,36.5,146000
19-Jan-14,1168,1170,1112,1119.15,21549575.7
19-Jan-14,63.4,65.9,62.1,65.5,90683721.85
19-Jan-14,2714,2739.95,2714,2738.35,29893839.3
19-Jan-14,109.76,110.55,109.51,110.36,1480143.51
19-Jan-14,268,271.42,266,269.74,1112300.11
19-Jan-14,312.3,313.78,311.75,313.62,583730.8
19-Jan-14,4.5,4.5,4.5,4.5,112.5
19-Jan-14,1552.15,1599,1551,1571.15,2883835.6
19-Jan-14,2841.96,3089.1,2811.09,2873.56,3461417.08
19-Jan-14,2780,2780,2780,2780,125100
19-Jan-14,2777.07,2777.07,2777.07,2777.07,55541.4
19-Jan-14,2761.01,2800,2761.01,2770.25,646705.09
19-Jan-14,2766,2766,2756.53,2757.31,35931.05
19-Jan-14,2831.01,2859.99,2831,2845.99,139174.57
19-Jan-14,2790,2794.5,2775.01,2794.5,294651.41
19-Jan-14,2860,2860,2750,2750,842500
19-Jan-14,2703.01,2751,2703.01,2751,78995.8
19-Jan-14,2705.01,2705.01,2705.01,2705.01,27050.1
19-Jan-14,2815,2827.95,2815,2827.95,265254.55
19-Jan-14,19.45,20.7,14.65,20.45,2204280
19-Jan-14,14.7,20,14,20,5525879.1
19-Jan-14,490.7,498,482.95,488.15,23056629
19-Jan-14,230.45,244.2,228.7,240.05,345598863.8
19-Jan-14,203.1,214.9,202.25,203.2,5898124.85
19-Jan-14,1727,1745,1705,1716.35,73542779.05
19-Jan-14,42,42,41.95,41.95,251450
19-Jan-14,154.4,157.6,154.1,156.3,2414314.95
19-Jan-14,445,449.55,440,443.35,91263582.05
19-Jan-14,2523,2523,2438.1,2477.2,9558058.2
19-Jan-14,274,274,253,259,264462.07
19-Jan-14,6.95,7.3,6.95,6.95,589759.2
19-Jan-14,505,538,480.8,498.7,37606986.2
19-Jan-14,580,594.5,578.85,586.9,11285285.55
19-Jan-14,12.75,12.75,12.15,12.45,446623.6
19-Jan-14,175.35,142,173,177.05,1364633.55
19-Jan-14,89,90.4,87,89.7,19387987.6
19-Jan-14,600,639,600,614.5,659847.15
19-Jan-14,292.2,312.15,289,306.45,433489080.3
19-Jan-14,516.85,524,510.35,517.65,29009461.3
19-Jan-14,70,70,70,70,140000
19-Jan-14,14361,14593.45,14106.8,14354.6,274503177
19-Jan-14,296.9,310,291.95,298.05,30200229.95
19-Jan-14,14,15.05,13.9,14.4,954667.4
19-Jan-14,623,643.2,600.1,634.95,123887950
19-Jan-14,200,209.8,195.1,202.9,6471920.1
19-Jan-14,590.3,590.3,568.5,584.65,2386248.95
19-Jan-14,1404,1437.95,1400,1423.1,69115.1
19-Jan-14,2099.95,2174.4,2041.65,2052.65,11319443.8
19-Jan-14,28.35,28.8,27.05,28.45,5654980
19-Jan-14,13.5,13.5,12.65,12.65,1100035.2
19-Jan-14,50.4,53.5,49.8,51.55,4172213.95
19-Jan-14,238,239.9,233.95,238,3270991
19-Jan-14,1297.4,1311.05,1258.5,1299.35,308830985
19-Jan-14,8.7,8.7,8.3,8.55,872844.85
19-Jan-14,56.7,62.3,56.4,61.95,2585900
19-Jan-14,25.5,25.5,24.15,24.55,101136.85
19-Jan-14,475.25,509.25,471.6,508.3,3813774
19-Jan-14,150.35,155,135,141.8,140551560
19-Jan-14,124,125.25,123.5,125.1,1370050
19-Jan-14,23.8,23.8,23.1,23.5,702511.65
19-Jan-14,38.8,38.8,36.75,36.9,496144.65
19-Jan-14,594.85,603.5,586.2,601.65,14270582.9
19-Jan-14,23.9,24.6,23.5,24.2,100056148.2
19-Jan-14,1179,1290,1167.05,1260.4,52106267.5
19-Jan-14,4.75,5,4.75,4.95,54374.2
19-Jan-14,24.95,25.3,24.6,24.95,3979658.35
19-Jan-14,758,764.5,735.05,739.95,4342231
19-Jan-14,35.25,35.35,34.6,34.9,27395147.1
19-Jan-14,1443,1447.95,1420,1427.8,8854991.45
19-Jan-14,54.8,54.8,50.2,52.5,5171125.8
19-Jan-14,249,256,245,247,23440856.65
19-Jan-14,90,91.7,87.25,88.2,5531372.55
19-Jan-14,52,52,52,52,104000
19-Jan-14,149.9,151,131.1,133.35,158805700
19-Jan-14,116.1,114.5,114,116.45,4393047.5
19-Jan-14,870,882,865,869,15836817.6
19-Jan-14,1.65,1.65,1.65,1.65,23430
19-Jan-14,410.5,425,410.5,415.05,428490.2
19-Jan-14,101.1,104.5,100,102,15215631.8
19-Jan-14,44.2,45,43.5,43.75,442400
19-Jan-14,60.25,61.35,59.1,60.25,106875044.1
19-Jan-14,557,557,530.25,535.85,149823691.5
19-Jan-14,1134.15,1144.95,1114,1137.45,1073049994
19-Jan-14,883.35,884.7,853,860.95,11596352.8
19-Jan-14,16,16,14.75,15.45,289609.05
19-Jan-14,70.95,72.95,69,69.95,1403430.3
19-Jan-14,105.45,105.9,104,104.55,11475297.15
19-Jan-14,291.55,308,288.55,303.8,146914716.9
19-Jan-14,196.6,197,146.8,193.95,47035585.4
19-Jan-14,276.8,283,262.3,270.35,85199395.1
19-Jan-14,1676.2,1739.95,1555.8,1559.9,47117136.05
19-Jan-14,31.65,32.35,31.5,32.25,279591975.4
19-Jan-14,404.25,409.9,395,403,6014373.65
19-Jan-14,497.75,504.1,488.4,496.85,97578381.55
19-Jan-14,167.3,172.5,167.3,168.9,16125082
19-Jan-14,8.3,8.4,8.2,8.2,876640.8
19-Jan-14,44.9,44.9,43.15,44,775876.55
19-Jan-14,42.1,42.55,40.6,41.9,28391457.8
19-Jan-14,26.5,26.5,24,24.8,524755.7
19-Jan-14,25.5,25.5,24.05,24.85,425704.4
19-Jan-14,148.8,148.8,141.1,143.3,7968886.15
19-Jan-14,75.8,77.45,75,76.85,273721197
19-Jan-14,0.75,0.75,0.7,0.7,192269.8
19-Jan-14,532.95,538.95,525.5,536.5,2650776.95
19-Jan-14,264.05,264.95,255.3,258,4258344.15
19-Jan-14,995,995,995,995,99500
19-Jan-14,1003.7,1003.7,1003.7,1003.7,8029.6
19-Jan-14,1003,1003,990.1,1002.09,115166
19-Jan-14,986,986,986,986,138040
19-Jan-14,1006.8,1007.2,1002.1,1007.2,532513.7
19-Jan-14,99.75,101.5,98.55,100.55,171762676.4
19-Jan-14,1120,1120,1120,1120,112000
19-Jan-14,1010.1,1010.1,1010.1,1010.1,111111
19-Jan-14,1080,1080,1080,1080,50760
19-Jan-14,1030,1063,1030,1063,329200
19-Jan-14,1040,1040,1040,1040,26000
19-Jan-14,1914.95,1922.8,1463.4,1909.8,408217565
19-Jan-14,215.1,214,196.6,207.7,4320271.2
19-Jan-14,396,403,388.05,398.2,64439664.8
19-Jan-14,20,20.55,20,20,1576800
19-Jan-14,1.85,1.85,1.85,1.85,1025919.35
19-Jan-14,1472,1472,1408.25,1428,790330070.9
19-Jan-14,560,560,542.01,545,343791.05
19-Jan-14,1080,1080,1080,1080,149000
19-Jan-14,1134,1134,1116.25,1116.25,222792.5
19-Jan-14,1110,1129.9,1083,1096.05,6869874.5
19-Jan-14,16.1,16.5,16.1,16.1,26267900.35
19-Jan-14,69.8,69.8,65.5,65.9,1065524.45
19-Jan-14,805.8,808.85,794,805.75,126200638.4
19-Jan-14,134.7,136.7,131,132.85,156725146.3
19-Jan-14,277.7,293,275.45,289.1,57680566.65
19-Jan-14,166,167,163,164.1,4316849.3
19-Jan-14,129,129,122.25,122.25,1482000
19-Jan-14,35,35,34.2,34.55,7778952.65
19-Jan-14,127.4,134.4,127,128.15,3744699.85
19-Jan-14,4.1,4.1,3.65,3.8,4078841.25
19-Jan-14,410,412,393.4,401.4,13714439.05
19-Jan-14,21.5,21.5,20.75,20.75,7375
19-Jan-14,390,390.8,372.3,376.05,682989507.8
19-Jan-14,11.1,11.25,10.45,10.8,90055169.2
19-Jan-14,376.85,385.35,370.1,373.1,32088131.95
19-Jan-14,446,456.95,435.55,445.75,66671142.95
19-Jan-14,1.15,1.15,1.15,1.15,9808.35
19-Jan-14,33.55,33.75,32.25,32.85,13722783.25
19-Jan-14,1128,1128,1083.15,1111.45,3585509.5
19-Jan-14,5089.95,5089.95,4915.75,4970.35,4676517.25
19-Jan-14,4.6,4.6,4.35,4.45,5693032.85
19-Jan-14,1965,2054,1965,2033.1,217958676.2
19-Jan-14,649.9,670,635,656.8,3133133.1
19-Jan-14,549.5,559.75,525.05,556.15,86015230.15
19-Jan-14,79.3,82.7,79.25,82.35,41359804.9
19-Jan-14,13.2,13.45,13.1,13.3,23155990.15
19-Jan-14,580,580.65,567.6,572.1,2687470085
19-Jan-14,407.5,424.7,397.15,414.75,5159069177
19-Jan-14,1039,1055.95,1014.4,1050.2,1098394474
19-Jan-14,177.85,179.7,174.1,177.3,4609370.65
19-Jan-14,17.75,14.45,17.5,17.95,170292.55
19-Jan-14,385.85,385.85,378.75,383.55,6449617.95
19-Jan-14,298.9,315,293.5,309.45,14973564.8
19-Jan-14,1410,1476,1375.5,1462.3,154191315.2
19-Jan-14,125,126.25,119.55,123,4070078
19-Jan-14,2.3,2.3,2.2,2.3,202749.15
19-Jan-14,1.3,1.3,1.3,1.3,15008.5
19-Jan-14,3.7,3.7,3.5,3.5,70056.15
19-Jan-14,14.35,14.35,17.6,14,341695.1
19-Jan-14,6.1,6.25,6.05,6.05,166984.1
19-Jan-14,91.2,91.2,91.2,91.2,820800
19-Jan-14,97.25,99.4,95.75,97.95,2257240.1
19-Jan-14,427,444.3,425.05,433.9,54683127.4
19-Jan-14,102.35,103.75,100.5,101.4,7014992.95
19-Jan-14,199.95,203.4,196.1,198.35,42491307.75
19-Jan-14,14.85,15.2,14.6,15.1,529961487.3
19-Jan-14,210.6,235.95,208.1,229.7,638216070.8
19-Jan-14,2065.05,2071.95,2033,2046.6,8472596.45
19-Jan-14,480,481,462,471.85,12158509.35
19-Jan-14,1989.95,2008.95,1960.05,1999.3,27309115.35
19-Jan-14,7.15,7.7,6.8,7.35,5492463.4
19-Jan-14,77,79.7,76.3,78.95,306934774.6
19-Jan-14,592.75,620,590.5,615.8,114294325.6
19-Jan-14,120.9,120.95,114.5,115.55,400289.5
19-Jan-14,142.5,149.9,142,146.95,51031442.15
19-Jan-14,162.9,167.55,159.2,165.95,35108211.5
19-Jan-14,313,321.45,309.15,316,9984191
19-Jan-14,332.95,339,326.6,334.95,40917764.85
19-Jan-14,38.7,39.7,38,39.15,29800504.25
19-Jan-14,17.5,17.8,16.9,17.1,126014.8
19-Jan-14,14.95,19.2,14.2,14.5,3514436.85
19-Jan-14,8,8,7.35,7.45,283151.25
19-Jan-14,66.2,68.8,66.2,66.85,2615134.15
19-Jan-14,9251.55,9850,9251.55,9419.6,31548796.8
19-Jan-14,731.45,734.9,717.2,724.65,467032450.3
19-Jan-14,156.95,160.5,156.2,159.9,100586117.5
19-Jan-14,632,639.95,626.15,633.85,236740322.9
19-Jan-14,1035.95,1052.45,1017.1,1037.95,883727874.4
19-Jan-14,306,310,300.95,308.35,1114330554
19-Jan-14,869.8,878,855.4,876.75,36919148.7
19-Jan-14,882,905.25,866.15,883.95,155646885
19-Jan-14,415.2,421.95,415.05,414.05,1626829817
19-Jan-14,241.05,245.35,240.9,243.7,458667852.7
19-Jan-14,90.7,92.5,90.2,92.2,415989371
19-Jan-14,1148,1142,1133.25,1174,435458792
19-Jan-14,752.5,762,742.5,753,2421198577
19-Jan-14,133.9,137.95,130.5,136.65,115790894.4
19-Jan-14,280.25,288.7,276,285.05,10771921.45
19-Jan-14,571.95,571.95,522.35,522.35,6931.05
19-Jan-14,545.15,556,540,544.25,5666421.6
19-Jan-14,27.1,27.75,26.5,26.9,2449965.15
19-Jan-14,710,710,682.5,691.15,599558.4
19-Jan-14,2930.55,2982,2903.65,2959.3,2667000913
19-Jan-14,179.95,140.95,175.55,179.25,7457479.55
19-Jan-14,2260,2305,2220,2281.85,12633534.85
19-Jan-14,12.25,12.65,12.25,12.25,87139.5
19-Jan-14,553,558.5,547.05,552.9,1078853670
19-Jan-14,396.95,399.9,389.8,395.1,34956960.95
19-Jan-14,238.1,244.5,238.1,239.55,889335.85
19-Jan-14,434.9,434.9,400,404.25,149829337.2
19-Jan-14,66.6,67,64.25,65.2,795014.95
19-Jan-14,62.7,63.45,61.3,62.9,11313555.3
19-Jan-14,26,26.45,25.25,25.8,912997.85
19-Jan-14,110,110.85,105.8,109.3,101490766.6
19-Jan-14,165.4,167.75,163.2,164.75,88526724.8
19-Jan-14,14.15,15.1,14.15,14.7,77872.35
19-Jan-14,58,59.15,56.5,57.85,2366179.7
19-Jan-14,615,621.55,605.4,611.3,5695630.9
19-Jan-14,609,615,609,615,734400
19-Jan-14,607.6,632,607.6,621.95,3390277.8
19-Jan-14,1287.9,1323.95,1258.1,1293.4,150969745.2
19-Jan-14,54,55.4,53.2,53.7,558248.25
19-Jan-14,250.05,252.6,242.6,249.95,365115025.5
19-Jan-14,702,710.1,697,699.25,151140353.9
19-Jan-14,19.2,19.2,14.25,19.05,3405238.95
19-Jan-14,7040.05,7177.95,7001,7079,10415807.15
19-Jan-14,697.95,719.95,697.45,709.45,8987650.05
19-Jan-14,574.75,580,568,573.7,6122614.7
19-Jan-14,270,273.95,268,272.65,3458435
19-Jan-14,13.4,13.4,13.4,13.4,19564
19-Jan-14,597.85,605,582.6,588.4,6995795.2
19-Jan-14,73,73,70.85,70.85,1773807.2
19-Jan-14,210.75,215.25,205.5,208,25341342.7
19-Jan-14,909,929.85,901,922.75,14353119.55
19-Jan-14,288.9,297.4,284.2,291.85,605230258.3
19-Jan-14,113,113,110,111,850042.15
19-Jan-14,2192.9,2225,2142.05,2177.85,315547128.9
19-Jan-14,64.1,64.1,59,60.9,1276650
19-Jan-14,70.4,70.4,64.5,64.5,1059600
19-Jan-14,879.1,897.55,879.1,891.45,1316228091
19-Jan-14,165,169,160.4,168.1,15149656.2
19-Jan-14,63.5,65,62.25,63.8,11043139.15
19-Jan-14,445.35,448,434.05,442.55,57378721.45
19-Jan-14,2.7,2.8,2.6,2.8,9074.8
19-Jan-14,127.35,127.35,121.4,124.05,1652150.35
19-Jan-14,1441.9,1444.95,1405.3,1430.5,120996008.6
19-Jan-14,292.4,305.3,287.5,302.8,855719247.4
19-Jan-14,59,61.5,59,61.5,897000
19-Jan-14,72,72.45,72,72.45,866700
19-Jan-14,687,709,661.5,685.4,2302634.85
19-Jan-14,35,35.1,32.2,34.8,1909600
19-Jan-14,14.55,14.95,14.1,14.35,370654.15
19-Jan-14,333,334,325.05,330.95,19500282.55
19-Jan-14,250,259.45,246.85,249.85,2640396.7
19-Jan-14,85.6,85.6,84.1,84.9,42436998
19-Jan-14,156.55,162.7,150,160.7,48290866.95
19-Jan-14,39.3,39.9,38.15,38.6,12974120.25
19-Jan-14,134.9,134.9,132.5,133.6,10904137.6
19-Jan-14,73,73.5,69.5,70.25,65433412.95
19-Jan-14,836,850,834.05,837.75,544541.05
19-Jan-14,8379.95,8800,8351,8644,257362370.1
19-Jan-14,110,124.55,108,122.35,37637157.8
19-Jan-14,7,7.2,6.85,7.1,6719085.5
19-Jan-14,3.55,3.55,3.4,3.4,17672.05
19-Jan-14,59.3,60.25,58.5,59.45,381462321.2
19-Jan-14,400.1,409.95,393.1,399.8,9719514.55
19-Jan-14,719,721.6,708.05,715.2,332880953.2
19-Jan-14,3615.5,3692.95,3606.05,3621,7807526.95
19-Jan-14,452.75,464.85,449.75,452.7,80415540.2
19-Jan-14,24.9,24.9,24.9,24.9,158090.1
19-Jan-14,163.8,169.4,161.25,168,177073132.8
19-Jan-14,1090,1105,1071.2,1096.05,321154784.4
19-Jan-14,302.8,317,301.95,315.9,54302010.85
19-Jan-14,31.05,31.5,30.5,31.2,19659685.95
19-Jan-14,463,471.95,458.3,468.4,48703362.9
19-Jan-14,488,490.85,480,483.25,21121405.1
19-Jan-14,23.9,24.2,23.3,23.5,2096005.3
19-Jan-14,26.15,27.1,26,26.45,24269630.05
19-Jan-14,396.8,410.7,390.6,409.25,562225582.4
19-Jan-14,4368,4382.4,4271,4300,1344738450
19-Jan-14,91.1,91.1,86.4,87.95,3069810.8
19-Jan-14,1.55,1.55,1.5,1.5,19517.75
19-Jan-14,362.75,364.4,361,363.5,85307204.5
19-Jan-14,90.1,93.85,88.25,89.3,855120.3
19-Jan-14,138.05,141.65,137.25,141.35,463317614.4
19-Jan-14,400.1,405.6,395,399.85,35814408.1
19-Jan-14,8.85,9.2,8.6,9.05,371547142.7
19-Jan-14,17.8,14,17.65,17.75,6705963.3
19-Jan-14,486.8,486.8,457.5,462.9,1065271
19-Jan-14,7.25,7.35,7.2,7.2,468517.9
19-Jan-14,169.9,173.35,165,170.2,19811115.85
19-Jan-14,799.5,808.1,791,802.35,814645215.2
19-Jan-14,16.5,16.5,16.5,16.5,8250
19-Jan-14,9.05,9.4,9.05,9.05,8960768.25
19-Jan-14,27.6,28.75,27.6,28.4,44032017
19-Jan-14,8.75,8.75,8.4,8.65,143861.45
19-Jan-14,8.71,8.71,8.65,8.65,95280.6
19-Jan-14,311.5,312.9,308.55,310.64,1283582.35
19-Jan-14,1120.55,1125.85,1119.47,1125.85,112162.16
19-Jan-14,366,370.5,365.85,369.4,101638.3
19-Jan-14,23.5,23.5,21.95,22.5,14140110.7
19-Jan-14,128,128,119.6,120.2,8883487.95
19-Jan-14,0.35,0.35,0.3,0.35,991441.65
19-Jan-14,457,467.45,453.05,457.3,70677224.2
19-Jan-14,925.05,929.55,910,921.45,8200139.95
19-Jan-14,710,710,669.6,688.15,160716746.4
19-Jan-14,48.25,48.25,48.25,48.25,1235200
19-Jan-14,437.1,449.9,436,446.6,949955324.6
19-Jan-14,8.6,9.3,8.55,8.6,142091.45
19-Jan-14,52.8,53.9,51.9,52.4,1943458.45
19-Jan-14,35.65,35.8,34.5,34.8,1090084.8
19-Jan-14,44,45.35,42.7,44.9,64929670
19-Jan-14,16.35,17.5,16.3,16.55,1602338
19-Jan-14,645.7,680,624.05,676.2,142979017.4
19-Jan-14,326.5,333.7,323.1,331.65,2509239709
19-Jan-14,10.5,10.55,10.5,10.5,404543.55
19-Jan-14,2501,2529.8,2425,2455.45,134419500.1
19-Jan-14,96.6,96.8,92.7,93.95,14452214.65
19-Jan-14,224,224.5,217.45,220,2911440
19-Jan-14,1339,1432,1307,1392.85,10506652.3
19-Jan-14,237.95,244.9,228.1,235.25,35528339.75
19-Jan-14,236.45,241,233.45,239.65,211783151
19-Jan-14,5105.65,5389.9,5105.65,5300.6,5240501.6
19-Jan-14,19.25,19.6,14.5,14.9,5463131.7
19-Jan-14,22.4,23,21.45,21.75,41254948.05
19-Jan-14,98.2,100.65,95.95,96.35,12410055.7
19-Jan-14,65.6,67.3,65.1,66.7,54248423.7
19-Jan-14,10.9,10.9,10.4,10.8,2148379.55
19-Jan-14,28.75,30.3,28.25,29.45,6454324.45
19-Jan-14,41.1,43.2,40.9,42.1,206259290.8
19-Jan-14,13.8,13.8,13.8,13.8,2760
19-Jan-14,174.5,178,174,174.8,3913550.9
19-Jan-14,971,983.9,948.1,967.85,20335760.2
19-Jan-14,1210,1259.9,1210,1224.05,23638027.65
19-Jan-14,101.8,103,99.65,100.85,4925137.9
19-Jan-14,83.5,86.75,82.65,84.65,35464680
19-Jan-14,363.95,376.25,359.35,362.5,153751487.2
19-Jan-14,72.2,73.15,70,71.75,342478.85
19-Jan-14,775.85,794.9,760.1,769.4,56145265.55
19-Jan-14,19.5,21.35,19.5,20.2,300104.8
19-Jan-14,0.3,0.35,0.25,0.3,12354014.65
19-Jan-14,424.9,424.9,411,421.4,6023584.1
19-Jan-14,1.55,1.6,1.5,1.5,1489111.3
19-Jan-14,97.5,98.25,93.5,94.85,83021425.2
19-Jan-14,88.7,88.7,84.95,86.7,9888239
19-Jan-14,1555.05,1627.45,1555.05,1586.55,9028369.15
19-Jan-14,1116.3,1137.95,1111.3,1124.6,6292361.9
19-Jan-14,603.55,620.7,602.05,614.2,827394165.3
19-Jan-14,407,409.5,400,405.15,27272303.85
19-Jan-14,112,112,112,112,336000
19-Jan-14,153,156.7,146.8,149.85,7675568.85
19-Jan-14,3086.95,3240.4,2975.3,3117.75,59023954.2
19-Jan-14,2531,2540.1,2488.8,2516.4,37566538.35
19-Jan-14,1449.95,1520,1432,1499.7,109980200.1
19-Jan-14,624.4,624.5,611.15,614.9,25049451.55
19-Jan-14,7631,7900,7552.35,7849.95,102390238.5
19-Jan-14,224.35,224.35,217.6,219.85,87383496.9
19-Jan-14,45.15,46.9,45,45.95,466649.95
19-Jan-14,127.2,129.65,125.3,127.45,35866986.4
19-Jan-14,1354,1354,1317,1332.65,5322925.4
19-Jan-14,57,60.8,56.2,57.95,858391.95
19-Jan-14,178,192,173.3,190,336421772.6
19-Jan-14,178.35,143.5,174.6,140.55,126617596.4
19-Jan-14,242.05,242.05,241.55,241.55,429516.8
19-Jan-14,72.6,74.35,71.4,73.2,121452876.9
19-Jan-14,3300,3370,3210,3280.55,1265471.95
19-Jan-14,2242,2298,2165.3,2267.3,5553907.65
19-Jan-14,1479.95,1499,1462,1481.65,22519001.1
19-Jan-14,139.7,139.7,129.15,129.35,3345869.4
19-Jan-14,127.9,134.7,122.15,131.05,39634564.7
19-Jan-14,2.4,2.4,2.4,2.4,48280.8
19-Jan-14,78.6,80,78.6,80,66688.4
19-Jan-14,327,330,320.5,328.95,524520547.6
19-Jan-14,910,929.4,886.2,904.45,1437879389
19-Jan-14,419,425,404,415.35,329208579.9
19-Jan-14,109.95,110,109,109.65,2965350
19-Jan-14,7.5,7.85,7.25,7.35,653609.7
19-Jan-14,314,319.8,308.75,313.45,37056201
19-Jan-14,63.85,63.85,61.5,61.9,1090595.4
19-Jan-14,4.4,4.4,4.2,4.2,36412.4
19-Jan-14,56.95,56.95,52.3,56,253666.7
19-Jan-14,347.5,352.25,339.1,349.35,7410763849
19-Jan-14,2245,2325,2222.25,2289.15,2545248.8
19-Jan-14,590,602.9,585,600.35,1100694955
19-Jan-14,9.95,9.95,9.95,9.95,40645.75
19-Jan-14,44.85,46.05,44.3,45.85,32895997.15
19-Jan-14,44,44.7,43.4,43.95,29662156.2
19-Jan-14,0.55,0.55,0.55,0.55,10150.25
19-Jan-14,54.5,56.4,52,52.15,141431.85
19-Jan-14,893,915.05,893,908.45,36328767.55
19-Jan-14,128,129.5,126,126.65,23800146
19-Jan-14,25.35,26.35,25.25,25.85,3038166.4
19-Jan-14,48.15,48.15,47.25,47.25,286800
19-Jan-14,209.1,220,206.5,214.45,1981212.5
19-Jan-14,51,51,50,50.6,57369.5
19-Jan-14,211,211.05,210,210,632050
19-Jan-14,525,530.05,510,513.2,51248407.05
19-Jan-14,217.25,222.35,210.8,212.2,22061726.9
19-Jan-14,1105.05,1112.95,1082.6,1103.4,6754668.05
19-Jan-14,4.45,4.55,4.1,4.15,1602264.95
